ลำดับ,ชื่อไฟล์ ,ชื่อกฎหมาย,ลิงค์PDF,สถานะกฎหมาย,วันที่ประกาศ,เดือนที่ประกาศ,ปีที่ประกาศ,วันทีมีผลใช้บังคับ,วันที่สิ้นผล,ประเภทกฎหมาย,กฎหมายแม่,หน่วยงานกำกับ,องค์กรปกครองส่วนท้องถิ่น,อำเภอ,จังหวัด,คำอธิบายและสรุปสาระสำคัญ,คำแนะนำสิ่งที่ต้องทำ ,ระดับวามเสี่ยง ,บทลงโทษ,ใบอนุญาต,ข้อมูลแหล่งที่มา,คู่มือ แบบฟอร์ม เอกสารที่แนะนำ,ลิงค์เอกสารที่แนะนำ,กลุ่มเป้าหมาย,Activity_Tag,Product_Group_Tag,Legal_Keyword_Tag,กฎหมายเฉพาะธุรกิจ (Core Business Laws),กฎหมายสนับสนุนและกฎหมายทั่วไปที่ต้องปฏิบัติตาม (Support & General Compliance),AI ให้เหตุผล,ระดับความมั่นใจ,หมายเหตุ
1.0,100001.0,ระเบียบผู้ตรวจการแผ่นดิน ว่าด้วยค่าใช้จ่ายในการเดินทางไปปฏิบัติงาน พ.ศ. ๒๕๖๓,https://ratchakitcha.soc.go.th/documents/17120921.pdf,บังคับใช้,21.0,กุมภาพันธ์,2563.0,22 กุมภาพันธ์ 2563,-,ระเบียบ,"พระราชบัญญัติประกอบรัฐธรรมนูญว่าด้วยผู้ตรวจการแผ่นดิน พ.ศ. ๒๕๖๐ มาตรา ๒๔, พระราชบัญญัติประกอบรัฐธรรมนูญว่าด้วยผู้ตรวจการแผ่นดิน พ.ศ. ๒๕๖๐ มาตรา ๔๒","สำนักงานผู้ตรวจการแผ่นดิน, องค์กรอิสระ",-,-,-,กำหนดหลักเกณฑ์ อัตราค่าเบี้ยเลี้ยง ค่าเช่าที่พัก ค่าพาหนะ และค่าใช้จ่ายอื่นๆ สำหรับการเดินทางไปปฏิบัติงานทั้งในประเทศและต่างประเทศของประธานผู้ตรวจการแผ่นดิน เลขาธิการ เจ้าหน้าที่ และผู้ช่วยปฏิบัติงาน,บุคลากรของสำนักงานที่เดินทางไปปฏิบัติงานต้องดำเนินการขออนุมัติการเดินทางล่วงหน้า และเบิกจ่ายค่าเดินทางให้เป็นไปตามอัตราที่กำหนดในบัญชีท้ายระเบียบ โดยใช้แบบรายงานการเดินทางตามรูปแบบและขั้นตอนที่เลขาธิการกำหนด,🔵 ฟ้า,-,ไม่มี,ราชกิจจาฯ เล่ม ๑๓๗ ตอนที่ ๑๔ ก,แบบรายงานการเดินทางเพื่อขอเบิกจ่ายค่าใช้จ่ายในการเดินทางไปปฏิบัติงาน,,"ประธานผู้ตรวจการแผ่นดิน, ผู้ตรวจการแผ่นดิน, เลขาธิการ, เจ้าหน้าที่สำนักงานผู้ตรวจการแผ่นดิน, ผู้ช่วยปฏิบัติงาน","เดินทางไปปฏิบัติงาน, เบิกค่าใช้จ่าย",-,"ค่าเบี้ยเลี้ยงเดินทาง, ค่าเช่าที่พัก, ค่าพาหนะ, สำนักงานผู้ตรวจการแผ่นดิน",-,CC9,เหตุผล: เป็นระเบียบที่ใช้บังคับเกี่ยวกับการปฏิบัติงานและสวัสดิการการเบิกจ่ายค่าเดินทางของบุคลากรภายในสำนักงานผู้ตรวจการแผ่นดินโดยเฉพาะ (CC9 ผู้ตรวจการแผ่นดิน,1.0,ยกเลิกกฎหมายชื่อ ระเบียบผู้ตรวจการแผ่นดินว่าด้วยการจ่ายค่าใช้จ่ายเดินทางไปปฏิบัติงานของเจ้าหน้าที่ พ.ศ. ๒๕๕๘ และ (ฉบับที่ ๒) พ.ศ. ๒๕๕๙ ข้อยกเว้นการใดอยู่ระหว่างดำเนินการตามระเบียบเดิมให้ดำเนินการต่อไปจนกว่าจะแล้วเสร็จ
2.0,100002.0,คำพิพากษาของศาลฎีกาแผนกคดีอาญาของผู้ดำรงตำแหน่งทางการเมือง เรื่อง ขอให้ทรัพย์สินตกเป็นของแผ่นดิน [คดีหมายเลขดำที่ อม. ๗๗/๒๕๖๑ คดีหมายเลขแดงที่ อม. ๒๓๘/๒๕๖๒,https://ratchakitcha.soc.go.th/documents/17120922.pdf,บังคับใช้,21.0,กุมภาพันธ์,2563.0,21 กุมภาพันธ์ 2563,-,คำพิพากษาของศาลฎีกาแผนกคดีอาญา,,ศาลฎีกาแผนกคดีอาญาของผู้ดำรงตำแหน่งทางการเมือง,-,-,-,"คำพิพากษาศาลฎีกาแผนกคดีอาญาของผู้ดำรงตำแหน่งทางการเมืองพิจารณาคดีการขอให้ทรัพย์สินตกเป็นของแผ่นดิน 

- ศาลสั่งให้ทรัพย์สินที่เพิ่มขึ้นผิดปกติของผู้ดำรงตำแหน่งทางการเมือง รวมมูลค่า 42,816,226.64 บาท ตกเป็นของแผ่นดิน 

- สาเหตุเนื่องจากผู้ถูกกล่าวหาไม่สามารถพิสูจน์หรือแสดงแหล่งที่มาของเงินฝาก ที่ดิน และทรัพย์สินอื่นๆ ว่าได้มาโดยสุจริตตามสมควร 

- คณะกรรมการ ป.ป.ช. มีอำนาจตรวจสอบธุรกรรมทางการเงินและการได้มาซึ่งทรัพย์สิน หากมีพฤติการณ์สงสัยว่าเป็นการเพิ่มขึ้นผิดปกติจากการเปรียบเทียบบัญชีเมื่อเข้ารับตำแหน่งและพ้นจากตำแหน่ง","ผู้ดำรงตำแหน่งทางการเมืองต้องยื่นบัญชีแสดงรายการทรัพย์สินและหนี้สินพร้อมเอกสารประกอบต่อคณะกรรมการ ป.ป.ช. เมื่อเข้ารับตำแหน่ง พ้นจากตำแหน่ง และพ้นจากตำแหน่งครบ 1 ปี 

- ต้องจัดเก็บพยานหลักฐานและเอกสารแสดงที่มาของรายได้ การกู้ยืมเงิน สัญญาจ้างทำของ หรือการซื้อขายทรัพย์สินให้ชัดเจน 

- ผู้ถูกกล่าวหามีภาระการพิสูจน์ต่อศาลว่าทรัพย์สินที่เพิ่มขึ้นไม่ได้เกิดจากการร่ำรวยผิดปกติ",⚪️ เทา,-,ไม่มี,ราชกิจจานุเบกษา เล่ม 137 ตอนที่ 14 ก หน้า 15,"1) คู่มือการยื่นบัญชีแสดงรายการทรัพย์สินและหนี้สินของเจ้าพนักงานของรัฐ (ป.ป.ช.)

2) พ.ร.บ.ประกอบรัฐธรรมนูญว่าด้วยการป้องกันและปราบปรามการทุจริต พ.ศ. 2542

3) แบบฟอร์มบัญชีแสดงรายการทรัพย์สินและหนี้สิน",,"ผู้ดำรงตำแหน่งทางการเมือง 

- สมาชิกสภาผู้แทนราษฎร (ส.ส.)","ยื่นบัญชีแสดงรายการทรัพย์สิน, ตรวจสอบทรัพย์สิน, ไต่สวน, อายัดทรัพย์สิน, ยึดทรัพย์สิน, ขอให้ทรัพย์สินตกเป็นของแผ่นดิน","เงินฝากธนาคาร, ที่ดิน, บ้าน, สิ่งปลูกสร้าง, รถยนต์","พ.ร.บ.ประกอบรัฐธรรมนูญว่าด้วยการป้องกันและปราบปรามการทุจริต, ศาลฎีกาแผนกคดีอาญาของผู้ดำรงตำแหน่งทางการเมือง, ทรัพย์สินเพิ่มขึ้นผิดปกติ, ร่ำรวยผิดปกติ, ภาระการพิสูจน์, ตกเป็นของแผ่นดิน",-,"CC29, CC1",1) ผู้ถูกบังคับใช้หลัก: ผู้ดำรงตำแหน่งทางการเมือง (ส.ส.) 2) ผู้มีส่วนได้เสียแฝง: ไม่มีธุรกิจที่ถูกบังคับโดยตรง 3) ผลกระทบทางกฎหมาย: ทรัพย์สินที่เพิ่มขึ้นผิดปกติต้องตกเป็นของแผ่นดิน 4) สินค้า/บริการที่ควบคุม: ทรัพย์สินส่วนบุคคล (เงินฝาก ที่ดิน รถยนต์) 5) ข้อยกเว้น: การคืนทรัพย์สินให้แก่บุคคลภายนอกผู้เป็นเจ้าของกรรมสิทธิ์โดยสุจริตตามธรรมดาการค้า (เช่น บริษัทลีสซิ่ง) สำหรับ CC29: เป็นอำนาจพิจารณาคดีความร่ำรวยผิดปกติของศาลฎีกาแผนกคดีอาญานักการเมือง สำหรับ CC1: เป็นอำนาจหน้าที่ของคณะกรรมการ ป.ป.ช. ในการตรวจสอบบัญชีทรัพย์สินและชี้มูลความผิด,1.0, -
3.0,100003.0,ระเบียบ ว่าด้วยหลักเกณฑ์และวิธีการสรรหาประธานกรรมการและกรรมการผู้ทรงคุณวุฒิในคณะกรรมการคุ้มครองข้อมูลส่วนบุคคล พ.ศ. ๒๕๖๓,https://ratchakitcha.soc.go.th/documents/17120908.pdf,บังคับใช้,20.0,กุมภาพันธ์,2563.0,21 กุมภาพันธ์ 2563,-,ระเบียบ,พระราชบัญญัติคุ้มครองข้อมูลส่วนบุคคล พ.ศ. 2562 มาตรา 9,"สำนักงานคณะกรรมการคุ้มครองข้อมูลส่วนบุคคล (PDPC / สคส.), กระทรวงดิจิทัลเพื่อเศรษฐกิจและสังคม",-,-,-,"ระเบียบนี้กำหนดหลักเกณฑ์และวิธีการสรรหาบุคคลเพื่อเสนอคณะรัฐมนตรีแต่งตั้งเป็นประธานกรรมการและกรรมการผู้ทรงคุณวุฒิในคณะกรรมการคุ้มครองข้อมูลส่วนบุคคล 

- การสรรหาต้องดำเนินการให้แล้วเสร็จภายใน 60 วันนับแต่วันที่มีคณะกรรมการสรรหาครบถ้วน และสามารถขยายได้อีกไม่เกิน 60 วันหากจำเป็น","สำนักงานคณะกรรมการคุ้มครองข้อมูลส่วนบุคคลต้องเปิดรับสมัครบุคคลเข้ารับการคัดเลือกเป็นระยะเวลา 21 วัน 

- ต้องรับสมัครประธานกรรมการไม่น้อยกว่า 3 รายชื่อ และกรรมการผู้ทรงคุณวุฒิไม่น้อยกว่า 2 เท่าของจำนวนที่ต้องการ 

- หากผู้สมัครไม่ครบตามจำนวน สำนักงานสามารถเสนอบัญชีรายชื่อบุคคลเพิ่มเติมและตรวจสอบคุณสมบัติให้แล้วเสร็จภายใน 14 วัน",⚪️ เทา,-,ไม่มี,ราชกิจจาฯ เล่ม 137 ตอนพิเศษ 40 ง,-,,"สำนักงานคณะกรรมการคุ้มครองข้อมูลส่วนบุคคล 

- คณะกรรมการสรรหาประธานกรรมการและกรรมการผู้ทรงคุณวุฒิ 

- บุคคลที่ประสงค์จะเข้ารับการคัดเลือกเป็นกรรมการในคณะกรรมการคุ้มครองข้อมูลส่วนบุคคล","สรรหา, รับสมัคร, คัดเลือก, เสนอชื่อ, แต่งตั้ง","ประธานกรรมการ, กรรมการผู้ทรงคุณวุฒิ, คณะกรรมการคุ้มครองข้อมูลส่วนบุคคล","พระราชบัญญัติคุ้มครองข้อมูลส่วนบุคคล, คณะกรรมการสรรหา, คุณสมบัติและลักษณะต้องห้าม",-,"BK4, CC17",1) ผู้ถูกบังคับใช้หลัก: สำนักงานคณะกรรมการคุ้มครองข้อมูลส่วนบุคคลและคณะกรรมการสรรหา (หน่วยงานรัฐ) 2) ผู้มีส่วนได้เสียแฝง: ไม่มีภาคธุรกิจที่ถูกบังคับโดยตรง 3) ผลกระทบทางกฎหมาย: เป็นการกำหนดขั้นตอนภายในเพื่อสรรหาคณะกรรมการกำกับดูแล พ.ร.บ. คุ้มครองข้อมูลส่วนบุคคล 4) สินค้า/บริการที่ควบคุม: - 5) ข้อยกเว้น: - ระเบียบนี้ไม่ได้บังคับใช้ธุรกิจเอกชน จึงไม่มี Core Business แต่อยู่ในหมวดโครงสร้างการบริหารราชการแผ่นดิน (CC17) เพื่อขับเคลื่อนกฎหมายข้อมูลส่วนบุคคลและธรรมาภิบาลข้อมูล (BK4),1.0, -
4.0,100004.0,ระเบียบกระทรวงการคลัง ว่าด้วยการประเมินผลการปฏิบัติงานของที่ปรึกษาอิสระและที่ปรึกษานิติบุคคล พ.ศ. ๒๕๖๓,https://ratchakitcha.soc.go.th/documents/17120520.pdf,บังคับใช้,18.0,กุมภาพันธ์,2563.0,19 กุมภาพันธ์ 2563,-,ระเบียบ,"กฎกระทรวงกำหนดหลักเกณฑ์ วิธีการ และเงื่อนไขการขึ้นทะเบียนที่ปรึกษา พ.ศ. 2560 ข้อ 17, ระเบียบกระทรวงการคลังว่าด้วยการจัดซื้อจัดจ้างและการบริหารพัสดุภาครัฐ พ.ศ. 2560 ข้อ 190","กระทรวงการคลัง, สำนักงานบริหารหนี้สาธารณะ กระทรวงการคลัง",-,-,-,กำหนดหลักเกณฑ์ให้มีการประเมินผลการปฏิบัติงานของที่ปรึกษาอิสระและที่ปรึกษานิติบุคคลในโครงการที่รับจ้างหน่วยงานของรัฐดำเนินการแล้วเสร็จ เพื่อให้การดำเนินงานจ้างที่ปรึกษามีประสิทธิภาพ โดยมีการแต่งตั้งคณะกรรมการประเมินผลฯ เพื่อจัดทำเกณฑ์ ประเมินผล และกำหนดการปรับลดระดับที่ปรึกษา,ผู้ประกอบการที่ขึ้นทะเบียนเป็นที่ปรึกษาอิสระหรือที่ปรึกษานิติบุคคล ต้องปฏิบัติงานโครงการจ้างที่ปรึกษาของหน่วยงานรัฐให้มีประสิทธิภาพและประสิทธิผลตามที่กำหนด เนื่องจากผลงานจะถูกประเมินเมื่อโครงการแล้วเสร็จ ซึ่งหากผลการปฏิบัติงานไม่ผ่านเกณฑ์อาจถูกปรับลดระดับการเป็นที่ปรึกษาเป็นระยะเวลาไม่เกิน 2 ปี ทั้งนี้ หากถูกปรับลดระดับสามารถใช้สิทธิขออุทธรณ์ได้,⚪️ เทา,-,ไม่มี,ราชกิจจานุเบกษา เล่ม ๑๓๗ ตอนพิเศษ ๓๗ ง หน้า ๑,หลักเกณฑ์และวิธีการประเมินผลการปฏิบัติงานของที่ปรึกษาอิสระและที่ปรึกษานิติบุคคล,,ที่ปรึกษาอิสระและที่ปรึกษานิติบุคคล,"ประเมินผลการปฏิบัติงาน, จ้างที่ปรึกษา, ขึ้นทะเบียนที่ปรึกษา, ปรับลดระดับ","บริการที่ปรึกษา, งานจ้างที่ปรึกษาภาครัฐ","ระเบียบกระทรวงการคลัง, ที่ปรึกษาอิสระ, ที่ปรึกษานิติบุคคล, คณะกรรมการประเมินผลการปฏิบัติงาน, สำนักงานบริหารหนี้สาธารณะ, การจัดซื้อจัดจ้างและการบริหารพัสดุภาครัฐ",BY1,CC24,"กฎหมายฉบับนี้กำหนดให้มีคณะกรรมการประเมินผลการปฏิบัติงานของ ""ที่ปรึกษาอิสระ"" และ ""ที่ปรึกษานิติบุคคล"" (Direct Target) เพื่อใช้ประโยชน์ในการดำเนินงานจ้างที่ปรึกษาของหน่วยงานของรัฐ หากผลการประเมินไม่ผ่านเกณฑ์อาจถูกปรับลดระดับการเป็นที่ปรึกษาเป็นระยะเวลาไม่เกินสองปี ซึ่งกระทบต่อสถานะผู้ประกอบการเอกชนที่เป็นคู่ค้าและรับงานประมูลของภาครัฐโดยตรง จึงจัดเข้าหมวด BY1 (การจัดซื้อจัดจ้างภาครัฐและเอกชนคู่ค้า) สำหรับกฎหมายสนับสนุนจัดเข้าหมวด CC24 (วินัยการเงินการคลังภาครัฐ) เนื่องจากเป็นระเบียบกระทรวงการคลังที่อาศัยอำนาจตามระเบียบฯ ว่าด้วยการจัดซื้อจัดจ้างและการบริหารพัสดุภาครัฐ พ.ศ. 2560 เพื่อควบคุมประสิทธิภาพการใช้จ่ายงบประมาณของรัฐ",1.0,-
5.0,100005.0,กฎกระทรวงการนําเข้า ส่งออก หรือนําผ่านราชอาณาจักรซึ่งสัตว์หรือซากสัตว์ พ.ศ. ๒๕๖๓,https://ratchakitcha.soc.go.th/documents/17120011.pdf,บังคับใช้,14.0,กุมภาพันธ์,2563.0,13 มิถุนายน 2563,-,กฎกระทรวง,"พระราชบัญญัติโรคระบาดสัตว์ พ.ศ. 2558 มาตรา 5, พระราชบัญญัติโรคระบาดสัตว์ พ.ศ. 2558 มาตรา 32","กระทรวงเกษตรและสหกรณ์, กรมปศุสัตว์",-,-,-,กำหนดหลักเกณฑ์ วิธีการ และเงื่อนไขการนำเข้า ส่งออก หรือนำผ่านราชอาณาจักรซึ่งสัตว์หรือซากสัตว์ เพื่อป้องกันและควบคุมโรคระบาด โดยให้อำนาจสัตวแพทย์ประจำท่าตรวจสอบ กักกัน และทำลายเชื้อโรค,ผู้ประกอบการต้องยื่นคำขออนุญาตก่อนดำเนินการ นำสัตว์เข้า-ออกเฉพาะท่าที่กำหนด และต้องปฏิบัติตามคำสั่งกักกัน ตรวจโรค หรือทำลายเชื้อโรคของสัตวแพทย์ประจำท่าอย่างเคร่งครัด โดยรับผิดชอบค่าใช้จ่ายที่เกิดขึ้นระหว่างกักกันเอง,🔴 แดง,มีโทษจำคุก/ปรับ (อ้างอิง พ.ร.บ. โรคระบาดสัตว์ พ.ศ. 2558 มาตรา 69),ใบอนุญาตนำเข้า ส่งออก หรือนำผ่านราชอาณาจักรซึ่งสัตว์หรือซากสัตว์,ราชกิจจานุเบกษา เล่ม ๑๓๗ ตอนที่ ๑๓ ก หน้า ๑,"1) คู่มือการปฏิบัติงานการนำเข้า ส่งออก หรือนำผ่านราชอาณาจักรซึ่งสัตว์และซากสัตว์ กรมปศุสัตว์

2) หนังสือรับรองสุขภาพสัตว์หรือหนังสือรับรองสุขศาสตร์ซากสัตว์ฉบับภาษาอังกฤษ 

3) คำขออนุญาตนำสัตว์หรือซากสัตว์เข้ามาในราชอาณาจักร ส่งออก หรือนำผ่านราชอาณาจักร",,ผู้รับใบอนุญาต หรือผู้ประสงค์จะนำเข้า ส่งออก หรือนำผ่านราชอาณาจักรซึ่งสัตว์หรือซากสัตว์,"นำเข้า, ส่งออก, นำผ่านราชอาณาจักร, กักกัน, ตรวจโรค, ทำลายเชื้อโรค, ทำเครื่องหมายประจำตัวสัตว์","สัตว์, ซากสัตว์","โรคระบาดสัตว์, ท่าเข้า, ท่าออก, พื้นที่ตรวจโรค, สถานกักกันสัตว์, ใบอนุญาตนำเข้า","AA17, AA2, B3","BW11, BC3, BL2",เหตุผล: 1) ผู้ถูกบังคับใช้หลักคือ ผู้นำเข้า ส่งออก และนำผ่านสัตว์หรือซากสัตว์ (AA17) ต้องยื่นขออนุญาตและนำสินค้าผ่านพื้นที่ตรวจโรค 2) ผู้ให้บริการสนับสนุนแฝงคือ ตัวแทนรับจัดการขนส่งและผ่านแดน (AA2) รวมถึงผู้ประกอบการขนส่ง (BC3) ซึ่งถูกบังคับห้ามเปิดหรือเปลี่ยนถ่ายสัตว์ระหว่างนำผ่านโดยเด็ดขาด (ข้อ 23) และห้องปฏิบัติการที่อาจรับตรวจวิเคราะห์เชื้อโรคระบาด (BL2) (ข้อ 14) 3) ผู้ได้รับผลกระทบสืบเนื่องคือ ผู้ประกอบการที่เกี่ยวข้องกับการควบคุมโรคระบาดสัตว์ (B3) และกระบวนการตรวจปล่อยสินค้าข้ามพรมแดนที่ต้องทำร่วมกับพิธีการศุลกากร (BW11) 4) สินค้าที่ถูกควบคุมคือ สัตว์ ซากสัตว์ ภาชนะ และยานพาหนะ 5) ข้อยกเว้นคือ อธิบดีมีอำนาจสั่งผ่อนผันการปฏิบัติตามกฎกระทรวงนี้เป็นกรณีพิเศษเฉพาะรายได้ (ข้อ 8),1.0,"1.ออกตามความใน พ.ร.บ.โรคระบาดสัตว์ พ.ศ. 2558 โดยมีผลบังคับใช้เมื่อพ้นกำหนด 120 วันนับแต่วันประกาศในราชกิจจานุเบกษาเป็นต้นไป
2.เนื่องจากการบังคับใช้กฎกระทรวงนี้เป็นการให้อำนาจ ""สัตวแพทย์ประจำท่าเข้า/ออก"" (ซึ่งเป็นเจ้าหน้าที่รัฐสังกัดกรมปศุสัตว์)"
6.0,100006.0,กฎกระทรวงกำหนดบริเวณห้ามก่อสร้าง ดัดแปลง หรือเปลี่ยนการใช้อาคารบางชนิดหรือบางประเภท ในพื้นที่บางส่วนในท้องที่จังหวัดปราจีนบุรี พ.ศ. ๒๕๖๓,https://ratchakitcha.soc.go.th/documents/17120012.pdf,บังคับใช้,14.0,กุมภาพันธ์,2563.0,14 กุมภาพันธ์ 2563,-,กฎกระทรวง,"พระราชบัญญัติควบคุมอาคาร พ.ศ. 2522 มาตรา 5, พระราชบัญญัติควบคุมอาคาร พ.ศ. 2522 มาตรา 8",กระทรวงมหาดไทย,-,-,ปราจีนบุรี,กำหนดบริเวณห้ามก่อสร้าง ดัดแปลง หรือเปลี่ยนการใช้อาคารพาณิชยกรรมประเภทค้าปลีกค้าส่งที่มีพื้นที่ใช้สอยตั้งแต่ 300 ตารางเมตรขึ้นไป ในพื้นที่บางส่วนของจังหวัดปราจีนบุรี เพื่อประโยชน์ในการป้องกันอัคคีภัย รักษาสิ่งแวดล้อม และผังเมือง โดยกำหนดเงื่อนไขข้อยกเว้นการก่อสร้างตามขนาดพื้นที่อาคาร ความกว้างถนนสาธารณะ และระยะร่นที่ต้องปฏิบัติตาม,"ผู้ประกอบการที่ต้องการก่อสร้าง ดัดแปลง หรือเปลี่ยนการใช้อาคารเพื่อประกอบกิจการค้าปลีกค้าส่งขนาด 300 ตารางเมตรขึ้นไปในจังหวัดปราจีนบุรี ต้องตรวจสอบว่าทำเลที่ตั้งอยู่ในเขตห้ามก่อสร้างหรือไม่ และหากอยู่ในเขตที่อนุญาตให้สร้างได้ตามข้อยกเว้น จะต้องออกแบบอาคารให้เป็นไปตามเงื่อนไขอย่างเคร่งครัด เช่น ต้องมีที่ว่างไม่น้อยกว่าร้อยละ 70-80, ติดถนนสาธารณะตามขนาดที่กำหนด และมีที่จอดรถตามเกณฑ์",โทษเชื่อมโยงจากกฎหมายแม่,รอเชื่อมโยง: พระราชบัญญัติควบคุมอาคาร พ.ศ. 2522 มาตรา 5 และมาตรา 8,ใบอนุญาตหรือใบรับแจ้งการก่อสร้าง ดัดแปลง หรือเปลี่ยนการใช้อาคาร,ราชกิจจานุเบกษา เล่ม 137 ตอนที่ 13 ก หน้า 8,"1) คู่มือการขออนุญาตก่อสร้างอาคารตาม พ.ร.บ. ควบคุมอาคาร

2) แบบ ข.1 (คำขออนุญาตก่อสร้าง ดัดแปลง หรือรื้อถอนอาคาร)",,ผู้ประกอบกิจการพาณิชยกรรมประเภทค้าปลีกค้าส่ง ที่ต้องการก่อสร้าง ดัดแปลง หรือเปลี่ยนการใช้อาคารที่มีพื้นที่ตั้งแต่ 300 ตารางเมตรขึ้นไป ในพื้นที่จังหวัดปราจีนบุรี,"ก่อสร้าง, ดัดแปลง, เปลี่ยนการใช้","อาคารพาณิชยกรรม, อาคารค้าปลีกค้าส่ง, ที่ดิน","ห้ามก่อสร้างอาคาร, ควบคุมอาคาร, ปราจีนบุรี, ระยะร่น, พื้นที่ใช้สอย","AB2, AB3, AC1, AC5, AF1","CD2, CF3","เหตุผล: 1) ผู้ถูกบังคับใช้หลักคือ เจ้าของธุรกิจค้าปลีกค้าส่ง ห้างสรรพสินค้า/โมเดิร์นเทรด (AB2, AB3) และผู้พัฒนาที่ดิน (AF1) ที่ต้องการสร้างอาคารพาณิชยกรรมขนาด 300 ตร.ม. ขึ้นไป 2) ผู้มีส่วนได้เสียแฝงคือ ผู้รับเหมาก่อสร้าง (AC1) และสถาปนิก/วิศวกรผู้ออกแบบ (AC5) ที่ต้องคำนวณระยะร่น ที่ว่าง และจุดเชื่อมต่อถนนสาธารณะอย่างเคร่งครัด 3) ผลกระทบสืบเนื่องคือ ข้อบังคับนี้เป็นกฎหมายควบคุมอาคารท้องถิ่น (CF3) ซึ่งจำกัดพื้นที่ประหนึ่งข้อกำหนดผังเมือง (CD2) 4) สินค้าที่ถูกควบคุมคือ อาคารพาณิชยกรรมประเภทค้าปลีกค้าส่งในเขตจังหวัดปราจีนบุรี 5) ข้อยกเว้นคือ อาคารที่มีอยู่หรือได้รับอนุญาตก่อนกฎกระทรวงนี้ใช้บังคับ แต่ห้ามดัดแปลงหรือเปลี่ยนการใช้ผิดเงื่อนไข",1.0,ออกตามความใน พ.ร.บ.ควบคุมอาคาร พ.ศ. 2522 โดยยกเว้นอาคารเดิมที่สร้างหรือได้รับใบอนุญาตก่อนวันที่กฎกระทรวงบังคับใช้ (ข้อ 7-8) แต่ห้ามดัดแปลงหรือเปลี่ยนการใช้ภายหลังให้ขัดกับกฎหมายนี้
7.0,100007.0,กฎกระทรวงกำหนดหินเป็นหินประดับหรือหินอุตสาหกรรมและดินหรือทรายเป็นดินอุตสาหกรรมหรือทรายอุตสาหกรรม พ.ศ. ๒๕๖๓,https://ratchakitcha.soc.go.th/documents/17120013.pdf,บังคับใช้,14.0,กุมภาพันธ์,2563.0,14 กุมภาพันธ์ 2563,-,กฎกระทรวง,"พระราชบัญญัติแร่ พ.ศ. 2560 มาตรา 4, พระราชบัญญัติแร่ พ.ศ. 2560 มาตรา 5 วรรคสี่",กระทรวงอุตสาหกรรม,-,-,-,กำหนดชนิดของหินให้เป็นหินประดับหรือหินอุตสาหกรรม และกำหนดชนิดของดินและทรายให้เป็นดินอุตสาหกรรมและทรายอุตสาหกรรม เพื่อให้การบริหารจัดการทรัพยากรแร่เป็นไปอย่างคุ้มค่าและเกิดประโยชน์สูงสุด,ผู้ประกอบกิจการเหมืองแร่หรือธุรกิจที่เกี่ยวข้องกับหิน ดิน และทราย ต้องตรวจสอบและจำแนกประเภททรัพยากรที่ดำเนินการให้ตรงตามข้อกำหนดในกฎกระทรวงนี้ เพื่อความถูกต้องในการขออนุญาตและการปฏิบัติตามกฎหมายที่เกี่ยวข้องกับแร่,โทษเชื่อมโยงจากกฎหมายแม่,รอเชื่อมโยง: พระราชบัญญัติแร่ พ.ศ. 2560 มาตรา 4 และมาตรา 5,-,ราชกิจจานุเบกษา เล่ม 137 ตอนที่ 13 ก หน้า 14,-,,ผู้ประกอบกิจการเหมืองแร่และอุตสาหกรรมที่เกี่ยวข้องกับหิน ดิน และทราย,"กำหนดประเภท, จำแนกประเภท, ทำเหมืองแร่, แปรรูปหิน, ขุดดิน, ดูดทราย","หินประดับ, หินอุตสาหกรรม, ดินอุตสาหกรรม, ทรายอุตสาหกรรม, ทรายแก้ว, ทรายซิลิกา, แร่","พระราชบัญญัติแร่, กฎกระทรวง, ทรัพยากรแร่, อุตสาหกรรมพื้นบ้าน","G4, G6, G8, J1, J2",-,"เหตุผล: กฎกระทรวงนี้กำหนดนิยามของ ""แร่"" ตามมาตรา 4 แห่ง พ.ร.บ.แร่ (4. สินค้าที่ควบคุม: หินประดับ หิน/ดิน/ทรายอุตสาหกรรม) โดย 1. ผู้ถูกบังคับใช้หลักคือ ผู้ประกอบการเหมืองหิน (G4) และกิจการบ่อดิน/ท่าทราย (G6) ที่ต้องขออนุญาตทำเหมือง 2. ผู้มีส่วนได้เสียแฝงและ 3.2) ผู้ได้รับผลกระทบสืบเนื่องทางกฎหมายในห่วงโซ่อุปทานปลายน้ำ: โรงงานแก้ว/เซรามิก (J1) และโรงงานแปรรูปหิน/ปูนซีเมนต์ (J2) 5. ข้อยกเว้น: ดินมาร์ลและดินเหนียวสีที่นำไปใช้ในงานหัตถกรรมหรืออุตสาหกรรมพื้นบ้าน 4. ผู้มีส่วนได้เสียแฝงกลางน้ำ: ผู้ซื้อขายและขนส่งแร่ (G8) เนื่องจากเมื่อหิน ดิน หรือทรายเหล่านี้ถูกประกาศให้มีสถานะเป็น ""แร่"" อย่างเป็นทางการ การครอบครอง ซื้อขาย และขนส่งวัตถุดิบดังกล่าวจึงถูกบังคับให้อยู่ภายใต้ พ.ร.บ.แร่ (เช่น ต้องมีใบอนุญาตซื้อขายแร่ หรือใบพาส/ใบขนแร่) ทันที",1.0,-
8.0,100008.0,ประกาศคณะกรรมการบริหารศาลยุติธรรม เรื่อง กำหนดให้มีสำนักอำนวยการประจำศาลและสำนักงานประจำศาล (ฉบับที่ ๓๑),https://ratchakitcha.soc.go.th/documents/17120014.pdf,บังคับใช้,14.0,กุมภาพันธ์,2563.0,1 เมษายน 2563,-,ประกาศ,"พระราชบัญญัติระเบียบบริหารราชการศาลยุติธรรม พ.ศ. 2543 มาตรา 7 วรรคสาม, ประกาศคณะกรรมการบริหารศาลยุติธรรม เรื่อง การแบ่งส่วนราชการภายในและกำหนดอำนาจหน้าที่ของส่วนราชการในสังกัดสำนักงานศาลยุติธรรม พ.ศ. 2559 ข้อ 4 (37)",สำนักงานศาลยุติธรรม,-,เชียงดาว,เชียงใหม่,กำหนดให้เปิดทำการสำนักงานประจำศาลแขวงเชียงดาว เพื่อสนับสนุนและอำนวยความสะดวกให้แก่ศาลยุติธรรม,ประชาชน ผู้ประกอบการ หรือผู้ที่มีอรรถคดีในเขตอำนาจศาลแขวงเชียงดาว สามารถติดต่อราชการหรือยื่นเอกสารทางคดีได้ที่สำนักงานประจำศาลแขวงเชียงดาวตั้งแต่วันที่เปิดทำการเป็นต้นไป,🔵 ฟ้า,-,ไม่มี,ราชกิจจานุเบกษา เล่ม 137 ตอนที่ 13 ก หน้า 17,-,,ส่วนราชการในสังกัดสำนักงานศาลยุติธรรม,"กำหนดให้มีสำนักงานประจำศาล, เปิดทำการ","สำนักงานประจำศาล, ศาลยุติธรรม","พระราชบัญญัติระเบียบบริหารราชการศาลยุติธรรม, คณะกรรมการบริหารศาลยุติธรรม, สำนักงานศาลยุติธรรม",-,CC4,ประกาศนี้เป็นเรื่องการบริหารราชการและแบ่งส่วนราชการภายในของศาลยุติธรรม โดยกำหนดให้เปิดทำการสำนักงานประจำศาลแขวงเชียงดาว 1) ผู้ถูกบังคับใช้หลักคือ สำนักงานศาลยุติธรรมและบุคลากรของศาลยุติธรรม 2) ไม่มีธุรกิจหรือเอกชนรายใดถูกบังคับใช้ในลักษณะ Core Business จึงใส่เครื่องหมาย - ไว้ 3) หมวดสนับสนุนจัดเป็น CC4 เนื่องจากเป็นการใช้อำนาจตามพระราชบัญญัติระเบียบบริหารราชการศาลยุติธรรม พ.ศ. 2543,1.0,-
9.0,100009.0,ประกาศคณะกรรมการบริหารศาลยุติธรรม เรื่อง เปลี่ยนแปลงสถานที่ตั้งของศาลแขวงพระนครเหนือชั่วคราว,https://ratchakitcha.soc.go.th/documents/17120015.pdf,บังคับใช้,14.0,กุมภาพันธ์,2563.0,16 มีนาคม 2563,-,ประกาศ,พระธรรมนูญศาลยุติธรรม มาตรา 4 วรรคสาม,สำนักงานศาลยุติธรรม,-,-,กรุงเทพมหานคร,กำหนดเปลี่ยนแปลงสถานที่ตั้งของศาลแขวงพระนครเหนือเป็นการชั่วคราว โดยย้ายจากที่ทำการเดิมถนนรัชดาภิเษก เขตจตุจักร ไปยังอาคารราชบุรีดิเรกฤทธิ์ ศูนย์ราชการเฉลิมพระเกียรติฯ ถนนแจ้งวัฒนะ เขตหลักสี่ กรุงเทพมหานคร,ผู้ที่มีอรรถคดี ทนายความ หรือผู้ที่ต้องติดต่อราชการกับศาลแขวงพระนครเหนือ จะต้องเดินทางไปติดต่อและยื่นเอกสาร ณ สถานที่ทำการชั่วคราวแห่งใหม่ที่ศูนย์ราชการเฉลิมพระเกียรติฯ ถนนแจ้งวัฒนะ ตั้งแต่วันที่ 16 มีนาคม 2563 เป็นต้นไป,⚪️ เทา,-,ไม่มี,ราชกิจจานุเบกษา เล่ม 137 ตอนที่ 13 ก หน้า 18,-,,ประชาชนและบุคลากรผู้มาติดต่อราชการศาลแขวงพระนครเหนือ,"เปลี่ยนแปลงสถานที่ตั้ง, ย้ายที่ทำการ","ศาลแขวงพระนครเหนือ, ที่ทำการศาล, ศาลยุติธรรม","พระธรรมนูญศาลยุติธรรม, คณะกรรมการบริหารศาลยุติธรรม",-,CC4,ประกาศนี้เป็นการบริหารจัดการสถานที่ตั้งของศาลยุติธรรม โดยเปลี่ยนแปลงที่ตั้งของศาลแขวงพระนครเหนือไปยังศูนย์ราชการเฉลิมพระเกียรติฯ เป็นการชั่วคราว 1) ผู้ถูกบังคับใช้หลักคือ สำนักงานศาลยุติธรรมและบุคลากรของศาล 2) ผู้มีส่วนได้เสียที่ได้รับผลกระทบคือ ทนายความ ผู้ประกอบวิชาชีพกฎหมาย และคู่ความที่ต้องเดินทางไปติดต่อราชการศาล 3) ไม่มีเอกชนหรือธุรกิจใดถูกควบคุมในลักษณะ Core Business จึงระบุเป็น - 4) หมวดสนับสนุนจัดเข้า CC4 (ศาลยุติธรรม) เนื่องจากเป็นการใช้อำนาจตามพระธรรมนูญศาลยุติธรรมในการกำหนดสถานที่ทำการศาล,1.0,-
10.0,100010.0,ประกาศคณะกรรมการบริหารศาลยุติธรรม เรื่อง เปลี่ยนแปลงสถานที่ตั้งของศาลแรงงานภาค ๖,https://ratchakitcha.soc.go.th/documents/17120016.pdf,บังคับใช้,14.0,กุมภาพันธ์,2563.0,1 เมษายน 2563,-,ประกาศ,พระธรรมนูญศาลยุติธรรม มาตรา 4 วรรคสาม,สำนักงานศาลยุติธรรม,-,เมืองนครสวรรค์,นครสวรรค์,กำหนดเปลี่ยนแปลงสถานที่ตั้งของศาลแรงงานภาค 5 โดยย้ายไปยังอาคารที่ทำการหลังใหม่ ตำบลนครสวรรค์ออก อำเภอเมืองนครสวรรค์ จังหวัดนครสวรรค์,ผู้ที่มีอรรถคดี ทนายความ หรือประชาชนที่ต้องการติดต่อราชการกับศาลแรงงานภาค 5 จะต้องเดินทางไปติดต่อหรือยื่นเอกสารทางคดี ณ อาคารที่ทำการหลังใหม่ ตั้งแต่วันที่ 1 เมษายน 2563 เป็นต้นไป,⚪️ เทา,-,ไม่มี,ราชกิจจานุเบกษา เล่ม 137 ตอนที่ 13 ก หน้า 19,-,,ประชาชนและบุคลากรผู้มาติดต่อราชการศาลแรงงาน,"เปลี่ยนแปลงสถานที่ตั้ง, ย้ายที่ทำการ","ศาลแรงงานภาค 5, ที่ทำการศาล, ศาลยุติธรรม","พระธรรมนูญศาลยุติธรรม, คณะกรรมการบริหารศาลยุติธรรม",-,CC4,ประกาศนี้เป็นการบริหารจัดการสถานที่ตั้งของศาลยุติธรรม โดยเปลี่ยนแปลงที่ตั้งของศาลแรงงานภาค 5 ไปยังอาคารที่ทำการหลังใหม่ 1) ผู้ถูกบังคับใช้หลักคือ สำนักงานศาลยุติธรรมและบุคลากรของศาล 2) ผู้มีส่วนได้เสียที่ได้รับผลกระทบคือ นายจ้าง ลูกจ้าง ทนายความ และคู่ความที่ต้องเดินทางไปติดต่อคดีแรงงาน 3) ไม่มีเอกชนหรือธุรกิจใดถูกควบคุมในลักษณะ Core Business จึงระบุเป็น - 4) หมวดสนับสนุนจัดเข้า CC4 (ศาลยุติธรรม) เนื่องจากเป็นการใช้อำนาจตามพระธรรมนูญศาลยุติธรรมในการกำหนดสถานที่ทำการศาล,1.0,-
11.0,100011.0,ประกาศคณะกรรมการบริหารศาลยุติธรรม เรื่อง เปลี่ยนแปลงสถานที่ตั้งของศาลเยาวชนและครอบครัวจังหวัดอ่างทอง,https://ratchakitcha.soc.go.th/documents/17120017.pdf,บังคับใช้,14.0,กุมภาพันธ์,2563.0,21 กุมภาพันธ์ 2563,-,ประกาศ,พระธรรมนูญศาลยุติธรรม มาตรา 4 วรรคสาม,สำนักงานศาลยุติธรรม,-,เมืองอ่างทอง,อ่างทอง,กำหนดเปลี่ยนแปลงสถานที่ตั้งของศาลเยาวชนและครอบครัวจังหวัดอ่างทอง โดยย้ายไปที่อาคารที่ทำการหลังใหม่ ตำบลบางแก้ว อำเภอเมืองอ่างทอง จังหวัดอ่างทอง,ประชาชน ทนายความ และผู้ที่มีอรรถคดีที่ต้องการติดต่อราชการกับศาลเยาวชนและครอบครัวจังหวัดอ่างทอง จะต้องเดินทางไปติดต่อและยื่นเอกสารทางคดี ณ อาคารที่ทำการหลังใหม่ ตั้งแต่วันที่ 21 กุมภาพันธ์ 2563 เป็นต้นไป,⚪️ เทา,-,ไม่มี,ราชกิจจานุเบกษา เล่ม 137 ตอนที่ 13 ก หน้า 20,-,,ประชาชนและบุคลากรผู้มาติดต่อราชการศาลเยาวชนและครอบครัวจังหวัดอ่างทอง,"เปลี่ยนแปลงสถานที่ตั้ง, ย้ายที่ทำการ","ศาลเยาวชนและครอบครัวจังหวัดอ่างทอง, ที่ทำการศาล, ศาลยุติธรรม","พระธรรมนูญศาลยุติธรรม, คณะกรรมการบริหารศาลยุติธรรม",-,CC4,ประกาศนี้เป็นการบริหารจัดการสถานที่ตั้งของศาลยุติธรรม โดยเปลี่ยนแปลงที่ตั้งของศาลเยาวชนและครอบครัวจังหวัดอ่างทองไปยังอาคารที่ทำการหลังใหม่ 1) ผู้ถูกบังคับใช้หลักคือ สำนักงานศาลยุติธรรมและบุคลากรของศาล 2) ผู้มีส่วนได้เสียที่ได้รับผลกระทบคือ คู่ความ ทนายความ และประชาชนที่ต้องเดินทางไปติดต่อคดี 3) ไม่มีเอกชนหรือธุรกิจใดถูกควบคุมในลักษณะ Core Business จึงระบุเป็น - 4) หมวดสนับสนุนจัดเข้า CC4 (ศาลยุติธรรม) เนื่องจากเป็นการใช้อำนาจตามพระธรรมนูญศาลยุติธรรมในการกำหนดสถานที่ทำการศาล,1.0,-
12.0,100012.0,ประกาศคณะกรรมการข้าราชการฝ่ายศาลปกครอง เรื่อง มาตรฐานกำหนดตำแหน่งและการจัดตำแหน่งข้าราชการฝ่ายศาลปกครองเข้าประเภทตำแหน่ง สายงาน และระดับตำแหน่งตามมาตรฐานกำหนดตำแหน่ง (ฉบับที่ ๒) พ.ศ. ๒๕๖๓,https://ratchakitcha.soc.go.th/documents/17120018.pdf,บังคับใช้,14.0,กุมภาพันธ์,2563.0,15 กุมภาพันธ์ 2563,-,ประกาศ,"พระราชบัญญัติจัดตั้งศาลปกครองและวิธีพิจารณาคดีปกครอง พ.ศ. 2542 มาตรา 85, พระราชบัญญัติระเบียบข้าราชการพลเรือน พ.ศ. 2551 มาตรา 45, พระราชบัญญัติระเบียบข้าราชการพลเรือน พ.ศ. 2551 มาตรา 46, พระราชบัญญัติระเบียบข้าราชการพลเรือน พ.ศ. 2551 มาตรา 48, กฎ ก.พ. ว่าด้วยหลักเกณฑ์การจัดประเภทตำแหน่งและระดับตำแหน่ง พ.ศ. 2551",สำนักงานศาลปกครอง,-,-,-,ยกเลิกความเดิมและปรับปรุงบัญชีมาตรฐานกำหนดตำแหน่งและการจัดตำแหน่งข้าราชการฝ่ายศาลปกครอง เพื่อกำหนดระดับตำแหน่งของประเภทวิชาการ สายงานนักวิชาการคอมพิวเตอร์ใหม่ให้มีความเหมาะสมและสอดคล้องกับลักษณะการปฏิบัติงาน,ข้าราชการฝ่ายศาลปกครองสายงานนักวิชาการคอมพิวเตอร์และหน่วยงานที่รับผิดชอบด้านบริหารบุคคลของศาลปกครอง จะต้องรับทราบและปฏิบัติตามการจัดระดับตำแหน่งใหม่ให้เป็นไปตามมาตรฐานที่ประกาศแก้ไขนี้,⚪️ เทา,-,ไม่มี,ราชกิจจานุเบกษา เล่ม 137 ตอนที่ 13 ก หน้า 21,-,,ข้าราชการฝ่ายศาลปกครอง,"กำหนดมาตรฐานตำแหน่ง, จัดตำแหน่ง, ปรับปรุงมาตรฐาน, ยกเลิกข้อความ","ข้าราชการฝ่ายศาลปกครอง, ตำแหน่งนักวิชาการคอมพิวเตอร์","พระราชบัญญัติจัดตั้งศาลปกครองและวิธีพิจารณาคดีปกครอง, พระราชบัญญัติระเบียบข้าราชการพลเรือน, คณะกรรมการข้าราชการฝ่ายศาลปกครอง",-,"CC6, CC12",ประกาศนี้เป็นการปรับปรุงมาตรฐานและจัดตำแหน่งข้าราชการฝ่ายศาลปกครอง (สายงานนักวิชาการคอมพิวเตอร์) ให้สอดคล้องกับลักษณะการปฏิบัติงาน 1) ผู้ถูกบังคับใช้หลักคือ สำนักงานศาลปกครองและข้าราชการฝ่ายศาลปกครอง 2) ไม่มีธุรกิจหรือเอกชนรายใดถูกบังคับใช้ในลักษณะ Core Business จึงใส่เครื่องหมาย - ไว้ 3) หมวดสนับสนุนจัดเป็น CC12 (ศาลปกครองและคดีปกครอง) และ CC6 (บุคลากรภาครัฐและข้าราชการพลเรือน) เนื่องจากเป็นการใช้อำนาจตาม พ.ร.บ.จัดตั้งศาลปกครองฯ และ พ.ร.บ.ระเบียบข้าราชการพลเรือน ในการบริหารงานบุคคลภาครัฐ,1.0,อัปเดตข้อความในข้อ 3.3 ของบัญชีมาตรฐานกำหนดตำแหน่งและการจัดตำแหน่งข้าราชการฝ่ายศาลปกครอง ลงวันที่ 9 พฤศจิกายน 2561 (ยกเลิกความเดิมและใช้ความใหม่แทน)
13.0,100013.0,คำวินิจฉัยของศาลรัฐธรรมนูญ คำวินิจฉัยที่ ๑/๒๕๖๓ เรื่อง คำร้องขอให้ศาลรัฐธรรมนูญวินิจฉัยตามรัฐธรรมนูญ มาตรา ๔๙,https://ratchakitcha.soc.go.th/documents/17120019.pdf,บังคับใช้ ,14.0,กุมภาพันธ์,2563.0,14 กุมภาพันธ์ 2563,-,คำวินิจฉัยศาลรัฐธรรมนูญ,,ศาลรัฐธรรมนูญ,-,-,-,ศาลรัฐธรรมนูญวินิจฉัยว่า การกระทำของพรรคอนาคตใหม่และคณะกรรมการบริหารพรรคในการจัดทำข้อบังคับ นโยบาย และสัญลักษณ์ของพรรค ไม่ปรากฏข้อเท็จจริงเพียงพอที่แสดงให้เห็นว่าเป็นการใช้สิทธิหรือเสรีภาพเพื่อล้มล้างการปกครองระบอบประชาธิปไตยอันมีพระมหากษัตริย์ทรงเป็นประมุขตามรัฐธรรมนูญ มาตรา 49 วรรคหนึ่ง,ผู้ก่อตั้งพรรคการเมืองและผู้เกี่ยวข้องควรระมัดระวังในการกำหนดข้อบังคับและนโยบายพรรคการเมือง โดยต้องใช้ถ้อยคำให้ชัดเจน ไม่คลุมเครือ และต้องสอดคล้องกับระบอบประชาธิปไตยอันมีพระมหากษัตริย์ทรงเป็นประมุข เพื่อป้องกันการถูกร้องเรียนว่ามีลักษณะเป็นปฏิปักษ์ต่อการปกครอง,⚪️ เทา,-,ไม่มี,ราชกิจจานุเบกษา เล่ม 137 ตอนที่ 13 ก หน้า 22,-,,พรรคการเมืองและผู้ดำรงตำแหน่งทางการเมือง,"วินิจฉัย, ยื่นคำร้อง, จดทะเบียนจัดตั้งพรรคการเมือง, ออกข้อบังคับพรรค","พรรคการเมือง, คำวินิจฉัยศาลรัฐธรรมนูญ","รัฐธรรมนูญแห่งราชอาณาจักรไทย, ศาลรัฐธรรมนูญ, ล้มล้างการปกครอง, พระราชบัญญัติประกอบรัฐธรรมนูญว่าด้วยพรรคการเมือง",-,"CE1, CB5, CC7",เอกสารนี้คือคำวินิจฉัยศาลรัฐธรรมนูญที่ 1/2563 (CE1) ซึ่งพิจารณาวินิจฉัยว่าพรรคการเมืองและผู้บริหารพรรค (CB5) กระทำการใช้สิทธิหรือเสรีภาพเพื่อล้มล้างการปกครองระบอบประชาธิปไตยอันมีพระมหากษัตริย์ทรงเป็นประมุข (CC7) ตามรัฐธรรมนูญ มาตรา 49 หรือไม่ 1) ผู้ถูกบังคับใช้/ผู้เกี่ยวข้องหลักคือ พรรคการเมือง คณะกรรมการบริหารพรรค และนายทะเบียนพรรคการเมือง 2) ไม่มีธุรกิจเชิงพาณิชย์ (Core Business) ใดถูกบังคับใช้หรือได้รับผลกระทบโดยตรงจากการวินิจฉัยนี้ จึงระบุเป็น - 3) หมวดสนับสนุนจัดเข้า CE1 (คำวินิจฉัยศาลรัฐธรรมนูญ) เป็นหลัก โดยมีประเด็นผูกพันกับข้อบังคับพรรคการเมือง (CB5) ตาม พ.ร.บ.ประกอบรัฐธรรมนูญว่าด้วยพรรคการเมือง พ.ศ. 2560,1.0,ศาลรัฐธรรมนูญมีคำวินิจฉัยว่าการกระทำของผู้ถูกร้องไม่เป็นการล้มล้างการปกครองระบอบประชาธิปไตยอันมีพระมหากษัตริย์ทรงเป็นประมุขตามรัฐธรรมนูญ มาตรา 49 วรรคหนึ่ง
14.0,100014.0,ระเบียบคณะกรรมการป้องกันและปราบปรามการฟอกเงิน ว่าด้วยการจัดให้มีการฝึกอบรมให้แก่ผู้มีหน้าที่รายงานตามมาตรา ๑๓ และมาตรา ๑๖ พ.ศ. ๒๕๖๓,https://ratchakitcha.soc.go.th/documents/17123237.pdf,บังคับใช้,13.0,กุมภาพันธ์,2563.0,13 เมษายน 2563,-,ระเบียบ,"พระราชบัญญัติป้องกันและปราบปรามการฟอกเงิน พ.ศ. 2542 มาตรา 21/3 วรรคสาม, พระราชบัญญัติป้องกันและปราบปรามการฟอกเงิน พ.ศ. 2542 มาตรา 25 (5)","สำนักงานคณะกรรมการป้องกันและปราบปรามการฟอกเงิน (ปปง.), นายกรัฐมนตรี",-,-,-,กำหนดให้ผู้มีหน้าที่รายงานตามมาตรา 13 และ 16 ต้องส่งเจ้าหน้าที่ที่เกี่ยวข้องกับการทำรายงานธุรกรรมหรือตรวจสอบข้อเท็จจริงลูกค้า เข้ารับการฝึกอบรมหลักสูตรการป้องกันและปราบปรามการฟอกเงินไม่น้อยกว่า 6 ชั่วโมง โดยต้องอบรมภายใน 30 วันนับแต่เริ่มปฏิบัติงาน,"1. จัดส่งพนักงานที่เกี่ยวข้องกับการจัดทำรายงานธุรกรรมและตรวจสอบลูกค้าเข้ารับการฝึกอบรมหลักสูตรมาตรฐาน ปปง. (ไม่น้อยกว่า 6 ชั่วโมง) ภายใน 30 วันนับแต่เริ่มปฏิบัติงาน 

2. หากเป็นพนักงานเดิมที่ยังไม่เคยผ่านการอบรม ต้องเข้ารับการอบรมให้แล้วเสร็จภายใน 240 วันนับแต่วันที่ระเบียบมีผลบังคับใช้ 

3. ต้องจัดเก็บสำเนาหลักฐานการผ่านการอบรมไว้ที่สถานที่ประกอบกิจการด้วยวิธีที่ปลอดภัย เพื่อเตรียมพร้อมให้สำนักงานตรวจสอบ",โทษเชื่อมโยงจากกฎหมายแม่,รอเชื่อมโยง: พระราชบัญญัติป้องกันและปราบปรามการฟอกเงิน พ.ศ. ๒๕๔๒ มาตรา ๒๑/๓ วรรคสาม และมาตรา ๒๕ (๕),หนังสือแสดงความจำนง (สำหรับนิติบุคคลที่ประสงค์จัดการฝึกอบรม),ราชกิจจานุเบกษา เล่ม ๑๓๗ ตอนพิเศษ ๓๔ ง หน้า ๑,"มาตรฐานหลักสูตรด้านการป้องกันและปราบปรามการฟอกเงิน, แบบฟอร์มนำส่งรายชื่อผู้ผ่านการฝึกอบรมตามที่สำนักงานกำหนด",,"ผู้มีหน้าที่รายงานตามมาตรา ๑๓ และมาตรา ๑๖, นิติบุคคลที่ประสงค์จะจัดการฝึกอบรม","จัดการฝึกอบรม, เข้ารับการฝึกอบรม, จัดทำรายงานการทำธุรกรรม, ตรวจสอบเพื่อทราบข้อเท็จจริงเกี่ยวกับลูกค้า","หลักสูตรการฝึกอบรม, แบบทดสอบความรู้, รายงานการทำธุรกรรม","ป้องกันและปราบปรามการฟอกเงิน, สนับสนุนทางการเงินแก่การก่อการร้าย, ผู้มีหน้าที่รายงานตามมาตรา ๑๓ และมาตรา ๑๖, นิติบุคคลที่ได้รับความเห็นชอบ","AK1, AB5, AF3, BO9, AM19","CC20, BU8","กฎหมายบังคับโดยตรงให้ผู้มีหน้าที่รายงานตามมาตรา 13 เช่น สถาบันการเงิน (AK1) และตามมาตรา 16 เช่น ร้านทอง (AB5), นายหน้าอสังหาฯ (AF3), ผู้ค้าของเก่าและเต็นท์รถ (BO9) ต้องจัดให้เจ้าหน้าที่เข้ารับการฝึกอบรมด้านการป้องกันการฟอกเงิน (CC20, BU8) และเป็นการสร้าง Ecosystem ให้บริษัทจัดฝึกอบรมเอกชน (AM19) สามารถยื่นขอรับความเห็นชอบเป็นผู้จัดการฝึกอบรมได้",1.0,ยกเลิกระเบียบคณะกรรมการป้องกันและปราบปรามการฟอกเงินฯ พ.ศ. 2559 (ข้อ 3) โดยมีบทเฉพาะกาลให้ผู้ที่ผ่านการฝึกอบรมหลักสูตรมาตรฐานก่อนวันที่ระเบียบนี้ใช้บังคับ ถือเป็นผู้ผ่านการฝึกอบรมตามระเบียบนี้แล้ว (ข้อ 13)
15.0,100015.0,ระเบียบสำนักงานคณะกรรมการอาหารและยา ว่าด้วยการดำเนินการเกี่ยวกับเลขสารบบอาหาร (ฉบับที่ ๓) พ.ศ. ๒๕๖๓,https://ratchakitcha.soc.go.th/documents/17119690.pdf,บังคับใช้,12.0,กุมภาพันธ์,2563.0,13 กุมภาพันธ์ 2563,-,ระเบียบ,"พระราชบัญญัติอาหาร พ.ศ. ๒๕๒๒ มาตรา ๔, พระราชบัญญัติระเบียบบริหารราชการแผ่นดิน พ.ศ. ๒๕๓๔ มาตรา ๓๒, พระราชบัญญัติระเบียบบริหารราชการแผ่นดิน พ.ศ. ๒๕๓๔ มาตรา ๓๖, ประกาศกระทรวงสาธารณสุข (ฉบับที่ ๓๖๗) พ.ศ. ๒๕๕๗ ข้อ ๗","สำนักงานคณะกรรมการอาหารและยา (อย.), กระทรวงสาธารณสุข",-,-,-,เป็นการแก้ไขเพิ่มเติมระเบียบเดิมเกี่ยวกับการดำเนินการเลขสารบบอาหาร โดยกำหนดข้อห้ามไม่ให้ใช้ชื่ออาหารที่เคยถูกเพิกถอนหรืออยู่ระหว่างขั้นตอนการยกเลิกเลขสารบบอาหารมายื่นขอรับเลขสารบบอาหารใหม่,ผู้ขอรับเลขสารบบอาหารต้องตรวจสอบชื่ออาหารที่จะยื่นขออย่างระมัดระวัง เพื่อให้แน่ใจว่าชื่อนั้นไม่ได้ถูกสั่งยกเลิกหรืออยู่ในกระบวนการเพิกถอนเลขสารบบอาหารตามที่กฎหมายกำหนด,โทษเชื่อมโยงจากกฎหมายแม่,รอเชื่อมโยง: พระราชบัญญัติอาหาร พ.ศ. 2522 มาตรา 4,เลขสารบบอาหาร,ราชกิจจานุเบกษา เล่ม 137 ตอนพิเศษ ง,ประกาศกระทรวงสาธารณสุข (ฉบับที่ 367) พ.ศ. 2557 เรื่อง การแสดงฉลากของอาหารในภาชนะบรรจุ,,ผู้ประกอบธุรกิจอาหาร ผู้ขอรับเลขสารบบอาหาร,"ขอรับเลขสารบบอาหาร, แสดงชื่ออาหาร, ยกเลิกเลขสารบบอาหาร","อาหาร, อาหารในภาชนะบรรจุ","เลขสารบบอาหาร, คณะกรรมการอาหารและยา, วิธีปฏิบัติราชการทางปกครอง, การแสดงฉลาก","D1, D2, D4, D5",BO3,"ควบคุมกลุ่มธุรกิจผลิตอาหาร (D1, D2, D4, D5) ที่ต้องขอขึ้นทะเบียนเลขสารบบอาหาร (อย.) ห้ามใช้ชื่ออาหารที่ถูกเจ้าพนักงานสั่งยกเลิกซึ่งเชื่อมโยงโดยตรงกับระเบียบการแสดงฉลากเพื่อคุ้มครองผู้บริโภค (BO3)",1.0,ยกเลิกข้อความในวรรคท้ายของข้อ ๗ แห่งระเบียบสำนักงานคณะกรรมการอาหารและยา ว่าด้วยการดำเนินการเกี่ยวกับเลขสารบบอาหาร พ.ศ. ๒๕๖๒
16.0,100016.0,พระราชกฤษฎีกาออกตามความในประมวลรัษฎากร ว่าด้วยการยกเว้นรัษฎากร (ฉบับที่ ๖๙๑) พ.ศ. ๒๕๖๓,https://ratchakitcha.soc.go.th/documents/17117978.pdf,สิ้นผล,7.0,กุมภาพันธ์,2563.0,8 กุมภาพันธ์ 2563,-,พระราชกฤษฎีกา,ประมวลรัษฎากร,กรมสรรพากร,-,-,-,ยกเว้นภาษีเงินได้ ภาษีมูลค่าเพิ่ม ภาษีธุรกิจเฉพาะ และอากรแสตมป์ สำหรับการบริจาคผ่านระบบบริจาคอิเล็กทรอนิกส์ให้แก่สถานศึกษาตามสนธิสัญญาระหว่างรัฐบาลไทยกับทบวงการชำนัญพิเศษแห่งสหประชาชาติ ที่กระทำระหว่างวันที่ 1 มกราคม พ.ศ. 2562 ถึงวันที่ 31 ธันวาคม พ.ศ. 2562 โดยบุคคลธรรมดาและนิติบุคคลสามารถหักลดหย่อนได้ 2 เท่าของจำนวนเงินหรือรายจ่ายที่บริจาค แต่เมื่อรวมคำนวณแล้วต้องไม่เกินร้อยละ 10 ของเงินได้พึงประเมินหรือกำไรสุทธิ,นิติบุคคลและบุคคลธรรมดาสามารถนำรายจ่ายหรือเงินที่บริจาคผ่านระบบบริจาคอิเล็กทรอนิกส์ให้แก่สถานศึกษาตามที่ระบุในช่วงปี พ.ศ. 2562 มาหักเป็นค่าใช้จ่ายในการลดหย่อนภาษีได้ 2 เท่า โดยผู้ประกอบการต้องระวังไม่ให้ยอดลดหย่อนเกินร้อยละ 10 ของกำไรสุทธิก่อนหักรายจ่ายเพื่อการกุศล และห้ามนำต้นทุนของทรัพย์สินหรือสินค้าที่ได้รับยกเว้นภาษีมาหักเป็นค่าใช้จ่ายซ้ำซ้อนในการคำนวณภาษี,🟡 เหลือง,เสียสิทธิประโยชน์ / ผลทางนิติกรรม,ไม่มี,ราชกิจจานุเบกษา เล่ม 137 ตอนที่ 12 ก,ระบบบริจาคอิเล็กทรอนิกส์ (e-Donation),,บุคคลธรรมดา บริษัท หรือห้างหุ้นส่วนนิติบุคคล ที่บริจาคเงินหรือทรัพย์สิน,"บริจาค, โอนทรัพย์สิน, ขายสินค้า, ยกเว้นภาษี, หักลดหย่อนภาษี","เงินบริจาค, ทรัพย์สิน, สินค้า","ยกเว้นรัษฎากร, ระบบบริจาคอิเล็กทรอนิกส์, ภาษีเงินได้, ภาษีมูลค่าเพิ่ม, ภาษีธุรกิจเฉพาะ, อากรแสตมป์, สถานศึกษาตามสนธิสัญญา",-,"BW2, BW3, BW4, BW5, BW14",เป็นมาตรการให้สิทธิประโยชน์ด้านการยกเว้นรัษฎากร (BW14) แก่บุคคลธรรมดา (BW4) และนิติบุคคล (BW2) ทุกประเภทธุรกิจที่บริจาคเงินหรือทรัพย์สินผ่านระบบ e-Donation ให้สถานศึกษาตามสนธิสัญญากับ UN โดยให้สิทธิหักลดหย่อนภาษีได้ 2 เท่า รวมถึงให้สิทธิยกเว้นภาษีมูลค่าเพิ่ม (BW3) และยกเว้นภาษีธุรกิจเฉพาะและอากรแสตมป์ (BW5) สำหรับการกระทำตราสาร โอนทรัพย์สิน หรือขายสินค้าเพื่อการบริจาคดังกล่าว,1.0,มีผลบังคับใช้ให้สิทธิประโยชน์สำหรับการบริจาคที่ได้กระทำตั้งแต่วันที่ 1 มกราคม พ.ศ. 2562 ถึงวันที่ 31 ธันวาคม พ.ศ. 2562
17.0,100017.0,พระราชกฤษฎีกาออกตามความในประมวลรัษฎากร ว่าด้วยการยกเว้นรัษฎากร (ฉบับที่ ๖๙๒) พ.ศ. ๒๕๖๓,https://ratchakitcha.soc.go.th/documents/17117979.pdf,สิ้นผล,7.0,กุมภาพันธ์,2563.0,8 กุมภาพันธ์ 2563,-,พระราชกฤษฎีกา,ประมวลรัษฎากร มาตรา 3 (1),กระทรวงการคลัง,-,-,-,ยกเว้นภาษีเงินได้ให้แก่บริษัทหรือห้างหุ้นส่วนนิติบุคคลขนาดใหญ่ (สินทรัพย์ถาวรไม่รวมที่ดินเกิน 200 ล้านบาท และจ้างงานเกิน 200 คน) เป็นจำนวน 2 เท่าของรายจ่ายที่ได้จ่ายเพื่อส่งเสริมกิจการให้แก่นิติบุคคลขนาดเล็ก (สินทรัพย์ถาวรไม่รวมที่ดินไม่เกิน 200 ล้านบาท และจ้างงานไม่เกิน 200 คน) สำหรับรอบระยะเวลาบัญชีที่เริ่มในหรือหลังวันที่ 1 มกราคม พ.ศ. 2562 แต่ไม่เกินวันที่ 31 ธันวาคม พ.ศ. 2563,"นิติบุคคลขนาดใหญ่สามารถนำรายจ่ายที่ใช้สนับสนุนกิจการขนาดเล็ก (เช่น ค่าธรรมเนียมค้ำประกันสินเชื่อ, การถ่ายทอดความรู้, การวิจัยและพัฒนาเทคโนโลยี, การลดต้นทุน, หรือส่งเสริมการตลาด) มาหักลดหย่อนภาษีได้ 2 เท่า โดยต้องไม่มีความสัมพันธ์ด้านผู้ถือหุ้นหรืออำนาจการจัดการระหว่างกันตามที่กฎหมายกำหนด และเมื่อรวมคำนวณรายจ่ายลดหย่อนแล้วต้องระวังไม่ให้เกินร้อยละ 10 ของกำไรสุทธิก่อนหักรายจ่ายเพื่อการกุศล",🟡 เหลือง,เสียสิทธิประโยชน์ / ผลทางนิติกรรม,ไม่มี,ราชกิจจานุเบกษา เล่ม 137 ตอนที่ 12 ก,เอกสารรับรองจากสภาอุตสาหกรรมแห่งประเทศไทย หรือสภาหอการค้าแห่งประเทศไทย,,บริษัทหรือห้างหุ้นส่วนนิติบุคคล,"ส่งเสริมการดำเนินกิจการ, ถ่ายทอดความรู้, วิจัยและพัฒนา, เพิ่มประสิทธิภาพในการผลิต, ส่งเสริมการตลาด, จ่ายค่าธรรมเนียมค้ำประกันสินเชื่อ","ภาษีเงินได้นิติบุคคล, สินทรัพย์ถาวร","ยกเว้นรัษฎากร, หักรายจ่ายเป็นจำนวนสองเท่า, วิสาหกิจขนาดกลางและขนาดย่อม, ความสัมพันธ์นิติบุคคล",-,"BW2, BW14, BX4",[BW2]: มาตรา 3 และมาตรา 4 กำหนดหลักเกณฑ์การคำนวณภาษีเงินได้นิติบุคคลของบริษัทหรือห้างหุ้นส่วนนิติบุคคล [BW14]: พระราชกฤษฎีกาทั้งฉบับและมาตรา 3 กำหนดสิทธิประโยชน์ยกเว้นภาษีเงินได้เป็นจำนวนสองเท่าของรายจ่าย [BX4]: มาตรา 3 และเหตุผลท้ายกฎหมายระบุเจตนารมณ์เพื่อสนับสนุนผู้ประกอบการวิสาหกิจขนาดกลางและขนาดย่อม (SMEs) ที่มีสินทรัพย์ถาวรไม่เกิน 200 ล้านบาทและจ้างงานไม่เกิน 200 คน,1.0,บังคับใช้สำหรับรอบระยะเวลาบัญชีที่เริ่มในหรือหลังวันที่ 1 มกราคม 2562 แต่ไม่เกินวันที่ 31 ธันวาคม 2563 (อ้างอิงมาตรา 3)
18.0,100018.0,พระราชกฤษฎีกาว่าด้วยปริญญาในสาขาวิชา อักษรย่อสำหรับสาขาวิชา ครุยวิทยฐานะ เข็มวิทยฐานะ และครุยประจำตำแหน่งของมหาวิทยาลัยราชภัฏลำปาง พ.ศ. ๒๕๖๓,https://ratchakitcha.soc.go.th/documents/17117980.pdf,บังคับใช้,7.0,กุมภาพันธ์,2563.0,8 กุมภาพันธ์ 2563,-,พระราชกฤษฎีกา,"พระราชบัญญัติมหาวิทยาลัยราชภัฏ พ.ศ. 2547 มาตรา 56, พระราชบัญญัติมหาวิทยาลัยราชภัฏ พ.ศ. 2547 มาตรา 60",กระทรวงการอุดมศึกษา วิทยาศาสตร์ วิจัยและนวัตกรรม,-,-,-,กำหนดปริญญา อักษรย่อ สีประจำสาขาวิชา และลักษณะของครุยวิทยฐานะ เข็มวิทยฐานะ และครุยประจำตำแหน่งของมหาวิทยาลัยราชภัฏลำปาง โดยมีการเพิ่มสาขาวิชานิเทศศาสตร์และรัฐศาสตร์เข้ามาใหม่,มหาวิทยาลัยราชภัฏลำปางมีหน้าที่ต้องจัดทำครุยวิทยฐานะ เข็มวิทยฐานะ และครุยประจำตำแหน่งตามรูปแบบที่กำหนดไว้ในพระราชกฤษฎีกานี้ขึ้นเป็นตัวอย่าง,⚪️ เทา,-,ไม่มี,ราชกิจจานุเบกษา เล่ม 137 ตอนที่ 12 ก,-,,มหาวิทยาลัยราชภัฏลำปาง ผู้บริหาร คณาจารย์ และนักศึกษา,"กำหนดปริญญา, กำหนดอักษรย่อ, จัดทำครุยวิทยฐานะ","ครุยวิทยฐานะ, เข็มวิทยฐานะ, ปริญญาบัตร","มหาวิทยาลัยราชภัฏลำปาง, ครุยวิทยฐานะ, เข็มวิทยฐานะ, ปริญญาสาขาวิชา","AM6, M2",-,"[AM6]: บังคับใช้กับมหาวิทยาลัยราชภัฏลำปางโดยตรงในการกำหนดสาขาวิชา ปริญญา และการจัดทำครุยวิทยฐานะ ตามมาตรา 4-9 [M2]: มาตรา 5, 7 และ 8 กำหนดลักษณะจำเพาะ วัสดุ สี และแถบกำมะหยี่ของครุยวิทยฐานะอย่างละเอียด ซึ่งถือเป็นข้อกำหนดที่โรงงานตัดเย็บเสื้อผ้าหรือผู้รับจ้างผลิต (Service Provider) ต้องใช้เป็นมาตรฐานบังคับในการตัดเย็บ",1.0,ยกเลิกพระราชกฤษฎีกาฯ
19.0,100019.0,พระราชกฤษฎีกากำหนดเขตพื้นที่เพื่อการอนุญาตให้ตั้งสถานบริการในท้องที่จังหวัดอุบลราชธานี (ฉบับที่ ๒) พ.ศ. ๒๕๖๓,https://ratchakitcha.soc.go.th/documents/17117981.pdf,บังคับใช้,7.0,กุมภาพันธ์,2563.0,8 กุมภาพันธ์ 2563,-,พระราชกฤษฎีกา,พระราชบัญญัติสถานบริการ พ.ศ. 2509 มาตรา 5,กระทรวงมหาดไทย,-,"โขงเจียม, น้ำยืน",อุบลราชธานี,กำหนดเขตพื้นที่เพิ่มเติมเพื่อการอนุญาตให้ตั้งสถานบริการในท้องที่จังหวัดอุบลราชธานี บริเวณอำเภอโขงเจียมและอำเภอน้ำยืน โดยกำหนดแนวเขตพิกัดอย่างชัดเจนตามแผนที่แนบท้าย,ผู้ประกอบการที่ประสงค์จะตั้งสถานบริการในเขตอำเภอโขงเจียมและอำเภอน้ำยืน จังหวัดอุบลราชธานี ต้องตรวจสอบพิกัดและแนวเขตพื้นที่อนุญาตตามที่กฎหมายกำหนดอย่างเคร่งครัดก่อนยื่นขออนุญาตตั้งสถานบริการ,โทษเชื่อมโยงจากกฎหมายแม่,รอเชื่อมโยง: พระราชบัญญัติสถานบริการ พ.ศ. 2509 มาตรา 5,ใบอนุญาตให้ตั้งสถานบริการ,ราชกิจจานุเบกษา เล่ม 137 ตอนที่ 12 ก,คู่มือการขออนุญาตตั้งสถานบริการ ตามพระราชบัญญัติสถานบริการ พ.ศ. 2509,,ผู้ขออนุญาตตั้งสถานบริการในท้องที่จังหวัดอุบลราชธานี,"ตั้ง, อนุญาต, กำหนดเขตพื้นที่","สถานบริการ, พื้นที่โซนนิ่ง","พระราชบัญญัติสถานบริการ, อุบลราชธานี, เขตพื้นที่","AV1, AV2, AV3, AV4, AE2",CD2,"[AV1]: บังคับใช้กับผู้ประกอบการผับ บาร์ สถานบันเทิง ที่ต้องการตั้งสถานบริการในท้องที่จังหวัดอุบลราชธานี จะต้องตั้งอยู่ในเขตพื้นที่บริเวณที่กำหนดตามมาตรา 3 

[AV2]: บังคับใช้กับผู้ประกอบการร้านคาราโอเกะที่เข้าข่ายเป็นสถานบริการ ซึ่งต้องอยู่ภายใต้แนวเขตพื้นที่ที่อนุญาตตามมาตรา 3 

[AV3]: บังคับใช้กับผู้ประกอบกิจการอาบอบนวด ที่ต้องการตั้งสถานบริการใหม่ในพื้นที่อุบลราชธานี ต้องอยู่ในเขตพื้นที่โซนนิ่งตามมาตรา 3 

[AV4]: บังคับใช้กับผู้ประกอบการเลาจน์และคลับเมมเบอร์ ซึ่งเป็นสถานบริการที่ต้องตั้งในพื้นที่ที่กำหนดตามมาตรา 3 

[AE2]: มาตรา 4 ระบุข้อยกเว้นอย่างชัดเจนว่า พระราชกฤษฎีกานี้ไม่ใช้บังคับแก่สถานบริการที่อยู่ในสถานที่ตั้งโรงแรมตามกฎหมายว่าด้วยโรงแรม 

[CD2]: มาตรา 3 มีการกำหนดแนวเขตพื้นที่โซนนิ่ง (Zoning) เพื่อการใช้ประโยชน์ที่ดินอย่างชัดเจนด้วยการระบุพิกัด ระยะทาง และจุดบรรจบจากถนน/ทางหลวง ซึ่งผู้พัฒนาที่ดินและสถาปนิกจำเป็นต้องนำไปใช้ประกอบการประเมินศักยภาพที่ดิน",1.0,ไม่ใช้บังคับแก่สถานบริการที่ได้รับอนุญาตให้ตั้งก่อนวันที่พระราชกฤษฎีกานี้ใช้บังคับ และสถานบริการที่อยู่ในสถานที่ตั้งโรงแรมตามกฎหมายว่าด้วยโรงแรม (มาตรา 4)
20.0,100020.0,พระราชกฤษฎีกาเปลี่ยนแปลงเขตอำนาจศาลแขวงเชียงใหม่  กับกำหนดเขตอำนาจและวันเปิดทำการของศาลแขวงเชียงดาวในจังหวัดเชียงใหม่ พ.ศ. ๒๕๖๓,https://ratchakitcha.soc.go.th/documents/17117982.pdf,บังคับใช้,7.0,กุมภาพันธ์,2563.0,8 กุมภาพันธ์ 2563,-,พระราชกฤษฎีกา,พระราชบัญญัติจัดตั้งศาลแขวงและวิธีพิจารณาความอาญาในศาลแขวง พ.ศ. 2499 มาตรา 3,"สำนักงานศาลยุติธรรม (ศย.) 
",-,"กัลยาณิวัฒนา, ดอยสะเก็ด, ดอยหล่อ, เมืองเชียงใหม่, แม่ริม, แม่วาง, แม่ออน, สะเมิง, สันกำแพง, สันทราย, สันป่าตอง, สารภี, หางดง, เชียงดาว, พร้าว, แม่แตง, เวียงแหง",เชียงใหม่,เปลี่ยนแปลงเขตอำนาจศาลแขวงเชียงใหม่ และกำหนดให้เปิดทำการศาลแขวงเชียงดาวในพื้นที่จังหวัดเชียงใหม่ตั้งแต่วันที่ 1 เมษายน 2563 เป็นต้นไป เพื่ออำนวยความสะดวกแก่ประชาชนและลดภาระคดี,ประชาชนและผู้มีอรรถคดีในท้องที่อำเภอเชียงดาว พร้าว แม่แตง และเวียงแหง จะต้องไปติดต่อและดำเนินการทางคดีที่ศาลแขวงเชียงดาวตั้งแต่วันที่ 1 เมษายน 2563 เป็นต้นไป,⚪️ เทา,-,ไม่มี,ราชกิจจานุเบกษา เล่ม 137 ตอนที่ 12 ก หน้า 21,-,,ประชาชนผู้มีอรรถคดีในท้องที่จังหวัดเชียงใหม่,"เปลี่ยนแปลงเขตอำนาจศาล, กำหนดเขตอำนาจศาล, เปิดทำการศาล, พิจารณาพิพากษาคดี, ผัดฟ้อง, ขังผู้ต้องหา","ศาลแขวง, ศาลยุติธรรม, คดีความ","เขตอำนาจศาล, ศาลแขวงเชียงใหม่, ศาลแขวงเชียงดาว, จัดตั้งศาลแขวง, ค้างพิจารณา",-,CC4,[CC4]: บังคับใช้กับศาลยุติธรรม คู่ความ และทนายความ โดยมาตรา 3 และ 4 กำหนดเปลี่ยนแปลงและจัดตั้งเขตอำนาจศาลแขวงเชียงใหม่และเชียงดาว รวมถึงมาตรา 7 ที่กำหนดแนวทางการดำเนินกระบวนพิจารณาคดีที่ค้างพิจารณา,1.0,-
21.0,100021.0,กฎกระทรวงกำหนดบริเวณห้ามก่อสร้าง ดัดแปลง หรือเปลี่ยนการใช้อาคารบางชนิดหรือบางประเภท ในพื้นที่บางส่วนในท้องที่จังหวัดชุมพร พ.ศ. ๒๕๖๓,https://ratchakitcha.soc.go.th/documents/17117983.pdf,บังคับใช้,7.0,กุมภาพันธ์,2563.0,7 กุมภาพันธ์ 2563,-,กฎกระทรวง,"พระราชบัญญัติควบคุมอาคาร พ.ศ. 2522 มาตรา 5, พระราชบัญญัติควบคุมอาคาร พ.ศ. 2522 มาตรา 8",กระทรวงมหาดไทย,-,-,ชุมพร,กำหนดบริเวณห้ามก่อสร้าง ดัดแปลง หรือเปลี่ยนการใช้อาคารพาณิชยกรรมประเภทค้าปลีกค้าส่งที่มีพื้นที่ตั้งแต่ 500 ตารางเมตรขึ้นไป ในพื้นที่บางส่วนของจังหวัดชุมพร เว้นแต่การก่อสร้างจะเข้าเงื่อนไขข้อยกเว้นตามที่กำหนด,"ผู้ประกอบการต้องตรวจสอบพื้นที่และขนาดอาคารก่อนก่อสร้างหรือดัดแปลงอาคารค้าปลีกค้าส่งในจังหวัดชุมพร หากอาคารมีขนาด 500-2,000 ตารางเมตร ต้องปฏิบัติตามเงื่อนไขเรื่องที่ว่าง ระยะร่น ที่จอดรถ และขนาดเขตทางถนนอย่างเคร่งครัด และห้ามก่อสร้างอาคารขนาดเกิน 2,000 ตารางเมตร",โทษเชื่อมโยงจากกฎหมายแม่,รอเชื่อมโยง: พระราชบัญญัติควบคุมอาคาร พ.ศ. 2522 มาตรา 5 และมาตรา 8,ใบอนุญาตหรือใบรับแจ้งการก่อสร้าง ดัดแปลง หรือเปลี่ยนการใช้อาคาร,ราชกิจจานุเบกษา เล่ม 137 ตอนที่ 12 ก,คู่มือการขออนุญาตก่อสร้าง ดัดแปลง หรือเปลี่ยนการใช้อาคาร ตามพระราชบัญญัติควบคุมอาคาร พ.ศ. 2522,,บุคคลที่ต้องการก่อสร้าง ดัดแปลง หรือเปลี่ยนการใช้อาคารพาณิชยกรรมประเภทค้าปลีกค้าส่ง ในพื้นที่จังหวัดชุมพร,"ก่อสร้าง, ดัดแปลง, เปลี่ยนการใช้อาคาร","อาคารพาณิชยกรรมประเภทค้าปลีกค้าส่ง, อาคาร","บริเวณห้ามก่อสร้าง, พื้นที่ใช้สอย, ควบคุมอาคาร, ที่ว่าง, ที่จอดรถ","AB1, AB2, AC1",CF3,"[AB1, AB2]: ข้อ 3 และ 4 ควบคุมเจ้าของกิจการค้าปลีกและค้าส่งโดยตรง ห้ามก่อสร้างหรือเปลี่ยนการใช้อาคารที่มีพื้นที่ตั้งแต่ 500 ตร.ม. ขึ้นไปในพื้นที่ที่กำหนด หากจะสร้างต้องเข้าเงื่อนไขพิเศษ [AC1]: ข้อ 3 และ 5 ควบคุมผู้รับเหมาก่อสร้าง ห้ามรับจ้างก่อสร้างหรือดัดแปลงอาคารพาณิชยกรรมในเขตควบคุม เว้นแต่จะปฏิบัติตามเงื่อนไขโครงสร้าง ระยะร่น และเขตทาง [CF3]: อาศัยอำนาจตาม พ.ร.บ.ควบคุมอาคาร กำหนดเงื่อนไขทางกายภาพของตัวอาคารอย่างชัดเจน (เช่น ระยะห่างจากถนน ที่จอดรถ ที่พักมูลฝอย)",1.0,อาคารที่มีอยู่แล้ว หรือที่ได้รับใบอนุญาต/รับแจ้งการก่อสร้างก่อนวันที่กฎกระทรวงนี้ใช้บังคับ ได้รับการยกเว้น แต่ห้ามดัดแปลงหรือเปลี่ยนการใช้ให้ผิดไปจากข้อห้ามตามกฎกระทรวงนี้ (ข้อ 6 และ ข้อ 7)
22.0,100022.0,ระเบียบคณะกรรมการตรวจเงินแผ่นดิน ว่าด้วยประโยชน์ตอบแทนอื่นในส่วนที่เกี่ยวกับค่าใช้จ่ายในการเดินทางของประธานกรรมการตรวจเงินแผ่นดิน กรรมการตรวจเงินแผ่นดิน และผู้ว่าการตรวจเงินแผ่นดิน พ.ศ. ๒๕๖๓,https://ratchakitcha.soc.go.th/documents/17117984.pdf,บังคับใช้,7.0,กุมภาพันธ์,2563.0,8 กุมภาพันธ์ 2563,-,ระเบียบ,"พระราชบัญญัติประกอบรัฐธรรมนูญว่าด้วยการตรวจเงินแผ่นดิน พ.ศ. 2561 มาตรา 38, พระราชบัญญัติประกอบรัฐธรรมนูญว่าด้วยการตรวจเงินแผ่นดิน พ.ศ. 2561 มาตรา 52, พระราชบัญญัติประกอบรัฐธรรมนูญว่าด้วยการตรวจเงินแผ่นดิน พ.ศ. 2561 มาตรา 5, พระราชบัญญัติเงินเดือน เงินประจำตำแหน่ง และประโยชน์ตอบแทนอื่นของประธานกรรมการและกรรมการในองค์กรอิสระตามรัฐธรรมนูญ พ.ศ. 2561 มาตรา 9",สำนักงานการตรวจเงินแผ่นดิน (สตง.),-,-,-,กำหนดหลักเกณฑ์และอัตราการเบิกจ่ายค่าใช้จ่ายในการเดินทางไปราชการทั้งในประเทศและต่างประเทศ สำหรับประธานกรรมการ กรรมการ และผู้ว่าการตรวจเงินแผ่นดิน โดยครอบคลุมค่าเบี้ยเลี้ยง ค่าที่พัก ค่าพาหนะ (การเดินทางโดยเครื่องบินชั้นธุรกิจ/ชั้นสูงสุด) รวมถึงเงินชดเชยยานพาหนะส่วนตัว และค่าเครื่องแต่งตัว,เจ้าหน้าที่และผู้บริหารที่เกี่ยวข้องต้องเบิกจ่ายค่าเดินทางให้เป็นไปตามอัตราในบัญชีแนบท้าย และหากมีการเบิกเงินล่วงหน้าสำหรับการเดินทางไปต่างประเทศแต่ไม่ได้เดินทางภายใน 30 วัน จะต้องนำเงินส่งคืนทันที,⚪️ เทา,-,ไม่มี,ราชกิจจานุเบกษา เล่ม 137 ตอนที่ 12 ก หน้า 29,-,,ประธานกรรมการตรวจเงินแผ่นดิน กรรมการตรวจเงินแผ่นดิน และผู้ว่าการตรวจเงินแผ่นดิน,"เบิกค่าใช้จ่าย, เดินทางไปราชการ, จ่ายค่าเบี้ยเลี้ยง, จ่ายค่าเช่าที่พัก, ชดเชยค่าพาหนะ","ค่าใช้จ่ายในการเดินทาง, ประโยชน์ตอบแทนอื่น, สวัสดิการ","คณะกรรมการตรวจเงินแผ่นดิน, ผู้ว่าการตรวจเงินแผ่นดิน, ค่าใช้จ่ายในการเดินทาง, องค์กรอิสระตามรัฐธรรมนูญ",-,CC11,"[CC11]: เอกสารคือระเบียบคณะกรรมการตรวจเงินแผ่นดิน กำหนดหลักเกณฑ์และอัตราการเบิกจ่ายค่าเดินทางไปราชการทั้งในและต่างประเทศ โดยบังคับใช้โดยตรงกับประธานกรรมการตรวจเงินแผ่นดิน, กรรมการตรวจเงินแผ่นดิน และผู้ว่าการตรวจเงินแผ่นดิน (สตง.)",1.0,ยกเลิกระเบียบคณะกรรมการตรวจเงินแผ่นดินว่าด้วยประโยชน์ตอบแทนอื่นฯ ในส่วนที่เกี่ยวกับค่าใช้จ่ายในการเดินทางฯ พ.ศ. 2560 (ตามข้อ 3) และมีบทเฉพาะกาลคุ้มครองสิทธิที่เกิดขึ้นก่อนระเบียบนี้ใช้บังคับ (ข้อ 12)
23.0,100023.0,ประกาศคณะกรรมการบริหารศาลยุติธรรม เรื่อง การแบ่งส่วนราชการภายในและกำหนดอำนาจหน้าที่ของส่วนราชการในสังกัดสำนักงานศาลยุติธรรม (ฉบับที่ ๑๑) พ.ศ. ๒๕๖๓,https://ratchakitcha.soc.go.th/documents/17117988.pdf,บังคับใช้,7.0,กุมภาพันธ์,2563.0,8 กุมภาพันธ์ 2563,-,ประกาศ,"พระราชบัญญัติระเบียบบริหารราชการศาลยุติธรรม พ.ศ. 2543 มาตรา 5, พระราชบัญญัติระเบียบบริหารราชการศาลยุติธรรม พ.ศ. 2543 มาตรา 17 (1)",สำนักงานศาลยุติธรรม,-,-,-,แก้ไขเพิ่มเติมการแบ่งส่วนราชการและกำหนดอำนาจหน้าที่ใหม่ให้กับสำนักประธานศาลฎีกา ภายในสังกัดสำนักงานศาลยุติธรรม เพื่อรองรับการดำเนินงานด้านนโยบาย งานเลขานุการ งานพิธีการ การรับเรื่องร้องทุกข์ การประสานงานต่างประเทศ และการส่งเสริมการพิจารณาคดีให้มีประสิทธิภาพยิ่งขึ้น,ประชาชนหรือข้าราชการฝ่ายตุลาการที่มีความประสงค์จะร้องทุกข์ ร้องเรียน หรือติดต่อประสานงานในภารกิจที่เกี่ยวข้องกับประธานศาลฎีกาและรองประธานศาลฎีกา ให้ดำเนินการผ่านสำนักประธานศาลฎีกาตามขอบเขตอำนาจหน้าที่ที่ได้ประกาศใหม่,🔵 ฟ้า,ระเบียบภาครัฐ,ไม่มี,ราชกิจจานุเบกษา เล่ม 137 ตอนที่ 12 ก หน้า 58,-,,สำนักประธานศาลฎีกา สำนักงานศาลยุติธรรม ข้าราชการฝ่ายตุลาการศาลยุติธรรม,"แบ่งส่วนราชการ, กำหนดอำนาจหน้าที่, กำหนดนโยบาย, รับเรื่องร้องทุกข์, สนับสนุนการพิจารณาพิพากษาคดี","สำนักประธานศาลฎีกา, สำนักงานศาลยุติธรรม, ส่วนราชการ","คณะกรรมการบริหารศาลยุติธรรม, ประธานศาลฎีกา, ข้าราชการตุลาการ, ระเบียบบริหารราชการศาลยุติธรรม",-,CC4,"[CC4]: บังคับใช้กับศาลยุติธรรมและบุคลากรในสังกัด โดยข้อ 3 เป็นการปรับปรุงโครงสร้าง กำหนดฐานะ และระบุอำนาจหน้าที่ของ ""สำนักประธานศาลฎีกา"" ในฐานะส่วนราชการสังกัดสำนักงานศาลยุติธรรมโดยตรง เพื่อสนับสนุนภารกิจของประธานศาลฎีกาและศาลยุติธรรม",1.0,อัปเดตข้อความโดยยกเลิกความใน (1) ของข้อ 5 แห่งประกาศคณะกรรมการบริหารศาลยุติธรรม เรื่อง การแบ่งส่วนราชการภายในและกำหนดอำนาจหน้าที่ของส่วนราชการในสังกัดสำนักงานศาลยุติธรรม พ.ศ. 2559 (ตามข้อ 3)
24.0,100024.0,ประกาศคณะกรรมการการเลือกตั้ง เรื่อง พรรคประชาธิปไตยเพื่อประชาชนสิ้นสภาพความเป็นพรรคการเมือง,https://ratchakitcha.soc.go.th/documents/17117989.pdf,บังคับใช้,7.0,กุมภาพันธ์,2563.0,7 กุมภาพันธ์ 2563,-,ประกาศ,"พระราชบัญญัติประกอบรัฐธรรมนูญว่าด้วยพรรคการเมือง พ.ศ. 2560 มาตรา 141, พระราชบัญญัติประกอบรัฐธรรมนูญว่าด้วยพรรคการเมือง พ.ศ. 2560 มาตรา 91",สำนักงานคณะกรรมการการเลือกตั้ง (กกต.),-,-,-,ประกาศให้พรรคประชาธิปไตยเพื่อประชาชนสิ้นสภาพความเป็นพรรคการเมือง เนื่องจากไม่สามารถดำเนินการเรื่องต่างๆ ให้แล้วเสร็จได้ภายในระยะเวลา 1 ปี ตามที่พระราชบัญญัติประกอบรัฐธรรมนูญว่าด้วยพรรคการเมืองกำหนด,อดีตกรรมการบริหารและสมาชิกพรรคต้องยุติบทบาทการดำเนินกิจกรรมทางการเมืองในนามพรรคประชาธิปไตยเพื่อประชาชน และผู้ที่เกี่ยวข้องต้องเตรียมดำเนินการตามขั้นตอนการชำระบัญชีหรือการสะสางภาระผูกพันตามที่กฎหมายพรรคการเมืองกำหนดต่อไป,⚪️ เทา,-,ไม่มี,ราชกิจจานุเบกษา เล่ม 137 ตอนที่ 12 ก หน้า 60,-,,พรรคประชาธิปไตยเพื่อประชาชน,"สิ้นสภาพความเป็นพรรคการเมือง, ตรวจสอบข้อเท็จจริง",พรรคการเมือง,"สิ้นสภาพความเป็นพรรคการเมือง, คณะกรรมการการเลือกตั้ง, กฎหมายประกอบรัฐธรรมนูญว่าด้วยพรรคการเมือง",-,"CB5, CC5",[CB5]: เอกสารบังคับใช้กับพรรคการเมืองโดยตรง โดยประกาศให้พรรคประชาธิปไตยเพื่อประชาชนสิ้นสภาพความเป็นพรรคการเมือง [CC5]: เป็นประกาศที่ออกโดยคณะกรรมการการเลือกตั้ง (กกต.) เพื่อบังคับใช้กฎหมายและระเบียบที่เกี่ยวข้องกับพรรคการเมือง,1.0,พรรคประชาธิปไตยเพื่อประชาชนสิ้นสภาพความเป็นพรรคการเมืองตั้งแต่วันที่ประกาศในราชกิจจานุเบกษาเป็นต้นไป
25.0,100025.0,ประกาศคณะกรรมการการเลือกตั้ง เรื่อง พรรคเพื่อนไทยสิ้นสภาพความเป็นพรรคการเมือง,https://ratchakitcha.soc.go.th/documents/17117990.pdf,บังคับใช้,7.0,กุมภาพันธ์,2563.0,7 กุมภาพันธ์ 2563,-,ประกาศ,พระราชบัญญัติประกอบรัฐธรรมนูญว่าด้วยพรรคการเมือง พ.ศ. 2560 มาตรา 91,สำนักงานคณะกรรมการการเลือกตั้ง (กกต.),-,-,-,ประกาศให้พรรคเพื่อนไทยสิ้นสภาพความเป็นพรรคการเมือง เนื่องจากไม่สามารถดำเนินการตามมาตรา 33 วรรคหนึ่ง (2) แห่งพระราชบัญญัติประกอบรัฐธรรมนูญว่าด้วยพรรคการเมือง พ.ศ. 2560 ได้ภายใน 1 ปีนับแต่วันที่นายทะเบียนรับจดทะเบียนจัดตั้ง,อดีตกรรมการบริหารและสมาชิกพรรคต้องยุติบทบาทและการดำเนินกิจกรรมทางการเมืองในนามพรรคเพื่อนไทย และผู้ที่เกี่ยวข้องต้องเตรียมดำเนินการตามขั้นตอนการชำระบัญชีที่กฎหมายกำหนดต่อไป,⚪️ เทา,-,ไม่มี,ราชกิจจานุเบกษา เล่ม 137 ตอนที่ 12 ก หน้า 61,-,,พรรคเพื่อนไทย,"สิ้นสภาพความเป็นพรรคการเมือง, ตรวจสอบข้อเท็จจริง",พรรคการเมือง,"สิ้นสภาพความเป็นพรรคการเมือง, คณะกรรมการการเลือกตั้ง, กฎหมายประกอบรัฐธรรมนูญว่าด้วยพรรคการเมือง",-,"CB5, CC5",[CB5]: เอกสารบังคับใช้กับพรรคการเมืองโดยตรง โดยประกาศให้พรรคเพื่อนไทยสิ้นสภาพความเป็นพรรคการเมือง [CC5]: เป็นประกาศที่ออกโดยคณะกรรมการการเลือกตั้ง (กกต.) เพื่อดำเนินการตามกฎหมายประกอบรัฐธรรมนูญว่าด้วยพรรคการเมือง,1.0,พรรคเพื่อนไทยสิ้นสภาพความเป็นพรรคการเมืองตั้งแต่วันที่ประกาศในราชกิจจานุเบกษาเป็นต้นไป
26.0,100026.0,ระเบียบคณะกรรมการกิจการกระจายเสียง กิจการโทรทัศน์ และกิจการโทรคมนาคมแห่งชาติ ว่าด้วยเครื่องแบบและการแต่งกายของคณะกรรมการกิจการกระจายเสียง กิจการโทรทัศน์ และกิจการโทรคมนาคมแห่งชาติ พ.ศ. ๒๕๖๓,https://ratchakitcha.soc.go.th/documents/17117856.pdf,บังคับใช้,6.0,กุมภาพันธ์,2563.0,7 กุมภาพันธ์ 2563,-,ระเบียบ,พระราชบัญญัติองค์กรจัดสรรคลื่นความถี่และกำกับการประกอบกิจการวิทยุกระจายเสียง วิทยุโทรทัศน์ และกิจการโทรคมนาคมแห่งชาติ พ.ศ. 2553 มาตรา 27 (24),สำนักงานคณะกรรมการกิจการกระจายเสียง กิจการโทรทัศน์ และกิจการโทรคมนาคมแห่งชาติ (กสทช.),-,-,-,ปรับปรุงและกำหนดลักษณะตลอดจนส่วนประกอบของเครื่องแบบปฏิบัติการและเครื่องแบบพิธีการของคณะกรรมการ กสทช. ทั้งชายและหญิง (เช่น หมวก เสื้อ กางเกง กระโปรง อินทรธนู เข็มขัด รองเท้า ป้ายชื่อ) เพื่อใช้สำหรับการปฏิบัติงานและการเข้าร่วมพิธีการต่างๆ,คณะกรรมการ กสทช. ต้องแต่งกายด้วยเครื่องแบบปฏิบัติการตามวันที่ประธาน กสทช. กำหนด และแต่งเครื่องแบบพิธีการตามหมายกำหนดการของสำนักพระราชวังหรือกำหนดการของส่วนราชการอื่นอย่างถูกต้องตามระเบียบนี้,🔵 ฟ้า,ระเบียบภาครัฐ,ไม่มี,ราชกิจจานุเบกษา เล่ม 137 ตอนพิเศษ 30 ง หน้า 1,-,,คณะกรรมการกิจการกระจายเสียง กิจการโทรทัศน์ และกิจการโทรคมนาคมแห่งชาติ (กสทช.),"แต่งเครื่องแบบ, สวมเครื่องแต่งกาย","เครื่องแบบปฏิบัติการ, เครื่องแบบพิธีการ, เครื่องแต่งกาย","เครื่องแบบและการแต่งกาย, คณะกรรมการกิจการกระจายเสียง กิจการโทรทัศน์ และกิจการโทรคมนาคมแห่งชาติ, กสทช.",-,CC30,"[CC30]: เอกสารคือระเบียบที่กำหนดลักษณะ ส่วนประกอบ และแนวปฏิบัติในการแต่งเครื่องแบบปฏิบัติการและเครื่องแบบพิธีการ โดยบังคับใช้โดยตรงกับ ""คณะกรรมการกิจการกระจายเสียง กิจการโทรทัศน์ และกิจการโทรคมนาคมแห่งชาติ (กสทช.)""",1.0,ยกเลิกระเบียบคณะกรรมการกิจการกระจายเสียง กิจการโทรทัศน์ และกิจการโทรคมนาคมแห่งชาติ ว่าด้วยเครื่องแบบพิธีการฯ พ.ศ. 2555 (ตามข้อ 3)
27.0,100027.0,ระเบียบผู้ตรวจการแผ่นดิน ว่าด้วยค่าใช้จ่ายในการเดินทางของผู้ตรวจการแผ่นดิน (ฉบับที่ ๒) พ.ศ. ๒๕๖๓,https://ratchakitcha.soc.go.th/documents/17117834.pdf,บังคับใช้,5.0,กุมภาพันธ์,2563.0,6 กุมภาพันธ์ 2563,-,ระเบียบ,พระราชบัญญัติเงินเดือน เงินประจำตำแหน่ง และประโยชน์ตอบแทนอื่นของประธานกรรมการและกรรมการในองค์กรอิสระตามรัฐธรรมนูญ พ.ศ. 2561 มาตรา 9,สำนักงานผู้ตรวจการแผ่นดิน,-,-,-,แก้ไขเพิ่มเติมระเบียบผู้ตรวจการแผ่นดินว่าด้วยค่าใช้จ่ายในการเดินทางของผู้ตรวจการแผ่นดิน พ.ศ. 2563 โดยให้ยกเลิกความในข้อ 8 ของระเบียบเดิม,ผู้ตรวจการแผ่นดินและเจ้าหน้าที่หน่วยงานที่เกี่ยวข้องที่ต้องดำเนินการเบิกจ่ายค่าเดินทาง ต้องรับทราบและปฏิบัติให้สอดคล้องกับระเบียบที่ปรับปรุงใหม่ โดยระงับการใช้หลักเกณฑ์หรือเงื่อนไขตามข้อ 8 ที่ถูกยกเลิกไปแล้ว,⚪️ เทา,-,ไม่มี,ราชกิจจานุเบกษา เล่ม 137 ตอนที่ 9 ก หน้า 1,-,,ผู้ตรวจการแผ่นดิน,"เบิกค่าใช้จ่าย, เดินทาง","ค่าใช้จ่ายในการเดินทาง, ประโยชน์ตอบแทนอื่น, สวัสดิการ","ผู้ตรวจการแผ่นดิน, องค์กรอิสระตามรัฐธรรมนูญ, ค่าใช้จ่ายในการเดินทาง",-,CC9,"[CC9]: ระเบียบนี้บังคับใช้กับ ""ผู้ตรวจการแผ่นดิน"" โดยตรง เพื่อกำหนดหลักเกณฑ์การจ่ายค่าใช้จ่ายในการเดินทางและประโยชน์ตอบแทนอื่นของประธานผู้ตรวจการแผ่นดินและผู้ตรวจการแผ่นดิน",1.0,ยกเลิกข้อ 8 แห่งระเบียบผู้ตรวจการแผ่นดินว่าด้วยค่าใช้จ่ายในการเดินทางของผู้ตรวจการแผ่นดิน พ.ศ. 2563 (ตามข้อ 3)
28.0,100028.0,ระเบียบคณะกรรมการกองทุนเพื่อการพัฒนาพรรคการเมือง ว่าด้วยการจ้างพนักงานตามสัญญาจ้าง ตำแหน่งผู้เชี่ยวชาญประจำกองทุนเพื่อการพัฒนาพรรคการเมือง พ.ศ. ๒๕๖๓,https://ratchakitcha.soc.go.th/documents/17117835.pdf,บังคับใช้,5.0,กุมภาพันธ์,2563.0,6 กุมภาพันธ์ 2563,-,ระเบียบ,"พระราชบัญญัติประกอบรัฐธรรมนูญว่าด้วยพรรคการเมือง พ.ศ. 2560 มาตรา 78, พระราชบัญญัติประกอบรัฐธรรมนูญว่าด้วยพรรคการเมือง พ.ศ. 2560 มาตรา 80, พระราชบัญญัติประกอบรัฐธรรมนูญว่าด้วยพรรคการเมือง พ.ศ. 2560 มาตรา 82, ระเบียบคณะกรรมการการเลือกตั้งว่าด้วยกองทุนเพื่อการพัฒนาพรรคการเมือง พ.ศ. 2560 ข้อ 9 (10), ระเบียบคณะกรรมการการเลือกตั้งว่าด้วยกองทุนเพื่อการพัฒนาพรรคการเมือง พ.ศ. 2560 ข้อ 14",สำนักงานคณะกรรมการการเลือกตั้ง (กกต.),-,-,-,"กำหนดหลักเกณฑ์ คุณสมบัติ ลักษณะต้องห้าม การจ้างและการพ้นจากตำแหน่งของพนักงานสัญญาจ้างตำแหน่งผู้เชี่ยวชาญประจำกองทุนเพื่อการพัฒนาพรรคการเมือง โดยผู้ที่ได้รับการจ้างจะได้รับค่าตอบแทนเดือนละ 50,000 บาท และมีวาระการจ้างครั้งละไม่เกิน 1 ปี",บุคคลที่ประสงค์จะรับการว่าจ้างเป็นผู้เชี่ยวชาญประจำกองทุนฯ ต้องตรวจสอบตนเองว่ามีคุณสมบัติครบถ้วนและไม่มีลักษณะต้องห้าม (เช่น มีอายุ 40-70 ปี ไม่เป็นสมาชิกพรรคการเมือง และไม่เป็นเจ้าหน้าที่รัฐที่มีเงินเดือนประจำ) รวมทั้งต้องเตรียมความพร้อมรับการประเมินผลการปฏิบัติงานปีละ 2 ครั้งตามที่กำหนดในสัญญา,🔴 แดง,โทษทางอาญา ,-,ราชกิจจานุเบกษา เล่ม 137 ตอนที่ 9 ก หน้า 2,-,,"พนักงานตามสัญญาจ้าง ตำแหน่งผู้เชี่ยวชาญประจำกองทุนเพื่อการพัฒนาพรรคการเมือง 
","จ้างพนักงาน, ปฏิบัติงาน, ให้คำปรึกษา, ประเมินผลการปฏิบัติงาน","พนักงานตามสัญญาจ้าง, ผู้เชี่ยวชาญประจำกองทุน, กองทุนเพื่อการพัฒนาพรรคการเมือง","กองทุนเพื่อการพัฒนาพรรคการเมือง, พนักงานตามสัญญาจ้าง, คณะกรรมการการเลือกตั้ง, กฎหมายประกอบรัฐธรรมนูญว่าด้วยพรรคการเมือง",-,"CB5, CC5","[CB5, CC5]: ระเบียบนี้กำหนดหลักเกณฑ์การจ้างพนักงานตามสัญญาจ้าง ตำแหน่งผู้เชี่ยวชาญประจำ ""กองทุนเพื่อการพัฒนาพรรคการเมือง"" ซึ่งอยู่ภายใต้การกำกับดูแลของสำนักงานคณะกรรมการการเลือกตั้ง (CC5) เพื่อปฏิบัติภารกิจหลักในการให้คำปรึกษา จัดสรรเงินทุน และสนับสนุนการพัฒนากิจการของพรรคการเมือง (CB5)",1.0,-
29.0,100029.0,คำพิพากษาของศาลฎีกาแผนกคดีอาญาของผู้ดำรงตำแหน่งทางการเมือง เรื่อง การแสดงบัญชีรายการทรัพย์สินและหนี้สิน [คดีหมายเลขดำที่ อม. ๘๙/๒๕๕๘ คดีหมายเลขแดงที่ อม. ๑๕/๒๕๕๙,https://ratchakitcha.soc.go.th/documents/17117836.pdf,บังคับใช้,5.0,กุมภาพันธ์,2563.0,5 กุมภาพันธ์ 2563,-,คำพิพากษาของศาลฎีกาแผนกคดีอาญา,,ศาลฎีกาแผนกคดีอาญาของผู้ดำรงตำแหน่งทางการเมือง,-,-,-,"ศาลพิพากษาว่าอดีตรองนายกองค์การบริหารส่วนตำบลทุ่งนุ้ย มีความผิดฐานจงใจไม่ยื่นบัญชีแสดงรายการทรัพย์สินและหนี้สินต่อ ป.ป.ช. กรณีพ้นจากตำแหน่งมาแล้ว 1 ปี โดยให้ห้ามดำรงตำแหน่งทางการเมืองเป็นเวลา 5 ปี และลงโทษจำคุก 1 เดือน ปรับ 4,000 บาท (โทษจำคุกรอลงอาญา 1 ปี)",ผู้ดำรงตำแหน่งทางการเมืองและผู้บริหารท้องถิ่นมีหน้าที่ต้องยื่นบัญชีแสดงรายการทรัพย์สินและหนี้สินพร้อมเอกสารประกอบต่อคณะกรรมการ ป.ป.ช. ภายในเวลาที่กำหนดอย่างเคร่งครัด ทั้งกรณีเข้ารับตำแหน่ง พ้นจากตำแหน่ง และพ้นจากตำแหน่งมาแล้ว 1 ปี เพื่อหลีกเลี่ยงโทษทางอาญาและการถูกห้ามดำรงตำแหน่งทางการเมือง,⚪️ เทา,-,ไม่มี,ราชกิจจานุเบกษา เล่ม 137 ตอนที่ 9 ก หน้า 6,คู่มือการยื่นบัญชีแสดงรายการทรัพย์สินและหนี้สินของ ป.ป.ช.,,ผู้ดำรงตำแหน่งทางการเมือง,"ยื่นบัญชีแสดงรายการทรัพย์สินและหนี้สิน, พิพากษาลงโทษ, ห้ามดำรงตำแหน่งทางการเมือง",บัญชีทรัพย์สินและหนี้สิน,"ป.ป.ช., ผู้ดำรงตำแหน่งทางการเมือง, ศาลฎีกาแผนกคดีอาญาของผู้ดำรงตำแหน่งทางการเมือง, ทุจริต, การแสดงบัญชีรายการทรัพย์สินและหนี้สิน",-,"CC1, CC29",[CC1]: ผู้คัดค้านในฐานะผู้ดำรงตำแหน่งทางการเมือง (รองนายก อบต.) มีหน้าที่ตามกฎหมาย ป.ป.ช. ที่ต้องยื่นบัญชีแสดงรายการทรัพย์สินและหนี้สิน [CC29]: คำพิพากษานี้ออกโดยศาลฎีกาแผนกคดีอาญาของผู้ดำรงตำแหน่งทางการเมือง ซึ่งพิจารณาคดีที่เกี่ยวกับการจงใจไม่ยื่นบัญชีทรัพย์สินของผู้ดำรงตำแหน่งทางการเมืองโดยตรง,1.0,อ้างอิงบทเฉพาะกาลของ พ.ร.บ.ประกอบรัฐธรรมนูญว่าด้วยการป้องกันและปราบปรามการทุจริต พ.ศ. 2561 (มาตรา 192 และ 199) ให้บังคับใช้ พ.ร.บ.ฯ พ.ศ. 2542 เนื่องจากคดีนี้ยื่นคำร้องไว้ก่อนกฎหมายใหม่บังคับใช้
30.0,100030.0,คำพิพากษาของศาลฎีกาแผนกคดีอาญาของผู้ดำรงตำแหน่งทางการเมือง เรื่อง การแสดงบัญชีรายการทรัพย์สินและหนี้สิน [คดีหมายเลขดำที่ อม. ๓๓๓/๒๕๖๑ คดีหมายเลขแดงที่ อม. ๒๕๔/๒๕๖๒,https://ratchakitcha.soc.go.th/documents/17117837.pdf,บังคับใช้,5.0,กุมภาพันธ์,2563.0,5 กุมภาพันธ์ 2563,-,คำพิพากษาของศาลฎีกาแผนกคดีอาญา,,ศาลฎีกาแผนกคดีอาญาของผู้ดำรงตำแหน่งทางการเมือง,-,-,-,"ศาลพิพากษาว่าอดีตรองนายกเทศมนตรีตำบลขุนทะเล มีความผิดฐานจงใจไม่ยื่นบัญชีแสดงรายการทรัพย์สินและหนี้สินต่อ ป.ป.ช. กรณีพ้นจากตำแหน่ง โดยให้ห้ามดำรงตำแหน่งทางการเมืองเป็นเวลา 5 ปี และลงโทษจำคุก 1 เดือน ปรับ 4,000 บาท (โทษจำคุกรอลงอาญา 1 ปี)",ผู้ดำรงตำแหน่งทางการเมืองและผู้บริหารท้องถิ่นมีหน้าที่ต้องยื่นบัญชีแสดงรายการทรัพย์สินและหนี้สินพร้อมเอกสารประกอบต่อคณะกรรมการ ป.ป.ช. ภายในเวลาที่กำหนดอย่างเคร่งครัด ทั้งกรณีเข้ารับตำแหน่งและพ้นจากตำแหน่ง เพื่อหลีกเลี่ยงโทษทางอาญาและการถูกห้ามดำรงตำแหน่งทางการเมือง,⚪️ เทา,-,ไม่มี,ราชกิจจานุเบกษา เล่ม 137 ตอนที่ 9 ก หน้า 10,แบบบัญชีแสดงรายการทรัพย์สินและหนี้สินของ ป.ป.ช.,,ผู้ดำรงตำแหน่งทางการเมือง,"ยื่นบัญชีแสดงรายการทรัพย์สินและหนี้สิน, พิพากษาลงโทษ, ห้ามดำรงตำแหน่งทางการเมือง",บัญชีทรัพย์สินและหนี้สิน,"ป.ป.ช., ผู้ดำรงตำแหน่งทางการเมือง, ศาลฎีกาแผนกคดีอาญาของผู้ดำรงตำแหน่งทางการเมือง, ทุจริต, การแสดงบัญชีรายการทรัพย์สินและหนี้สิน",-,"CC1, CC29",[CC1]: ผู้ถูกกล่าวหาในฐานะผู้ดำรงตำแหน่งทางการเมือง (รองนายกเทศมนตรี) มีหน้าที่ตามกฎหมาย ป.ป.ช. ที่ต้องยื่นบัญชีแสดงรายการทรัพย์สินและหนี้สิน [CC29]: คำพิพากษานี้ตัดสินโดยศาลฎีกาแผนกคดีอาญาของผู้ดำรงตำแหน่งทางการเมือง เพื่อลงโทษผู้ดำรงตำแหน่งทางการเมืองที่จงใจไม่ยื่นบัญชีทรัพย์สิน,1.0,อ้างอิงประมวลกฎหมายอาญา มาตรา 2 วรรคหนึ่ง ให้ใช้ พ.ร.บ.ประกอบรัฐธรรมนูญว่าด้วยการป้องกันและปราบปรามการทุจริต พ.ศ. 2542 (กฎหมายที่ใช้ในขณะกระทำความผิด) แม้จะมี พ.ร.บ.ฯ พ.ศ. 2561 ออกมาบังคับใช้แล้วก็ตาม
31.0,100031.0,คำพิพากษาของศาลฎีกาแผนกคดีอาญาของผู้ดำรงตำแหน่งทางการเมือง เรื่อง การแสดงบัญชีรายการทรัพย์สินและหนี้สิน [คดีหมายเลขดำที่ อม. ๓๑๖/๒๕๖๑ คดีหมายเลขแดงที่ อม. ๒๕๕/๒๕๖๒,https://ratchakitcha.soc.go.th/documents/17117838.pdf,บังคับใช้,5.0,กุมภาพันธ์,2563.0,5 กุมภาพันธ์ 2563,-,คำพิพากษาของศาลฎีกาแผนกคดีอาญา,,ศาลฎีกาแผนกคดีอาญาของผู้ดำรงตำแหน่งทางการเมือง,-,-,-,ศาลพิพากษายกคำร้องคดีที่อดีตสมาชิกสภาองค์การบริหารส่วนจังหวัดมุกดาหารและเลขานุการนายกฯ ถูกกล่าวหาว่าจงใจยื่นบัญชีทรัพย์สินและหนี้สินเท็จและปกปิดข้อเท็จจริง โดยศาลเห็นว่าคดีบางส่วนขาดอายุความ (เกิน 5 ปี) และข้อหาการไม่ยื่นบัญชีเมื่อพ้นตำแหน่งมาแล้ว 1 ปีนั้น กฎหมาย ป.ป.ช. ฉบับใหม่ (พ.ศ. 2561) ได้ยกเลิกความผิดดังกล่าวสำหรับผู้บริหารท้องถิ่นไปแล้ว จึงพ้นจากความผิด,ผู้ดำรงตำแหน่งทางการเมืองและผู้บริหารองค์กรปกครองส่วนท้องถิ่นต้องศึกษากฎหมาย ป.ป.ช. ฉบับปัจจุบันให้ชัดเจน และยื่นบัญชีแสดงรายการทรัพย์สินและหนี้สินพร้อมเอกสารประกอบให้ถูกต้องครบถ้วนตามกำหนดเวลาอย่างเคร่งครัด แม้จะมีการยกเลิกข้อบังคับบางประการในกฎหมายใหม่แล้วก็ตาม,⚪️ เทา,-,ไม่มี,ราชกิจจานุเบกษา เล่ม 137 ตอนที่ ก หน้า 13,-,,"ผู้ดำรงตำแหน่งทางการเมือง, เจ้าหน้าที่ของรัฐ","ยื่นบัญชีแสดงรายการทรัพย์สินและหนี้สิน, ปกปิดข้อเท็จจริง, ยกคำร้อง",บัญชีทรัพย์สินและหนี้สิน,"ป.ป.ช., ผู้ดำรงตำแหน่งทางการเมือง, ศาลฎีกาแผนกคดีอาญาของผู้ดำรงตำแหน่งทางการเมือง, อายุความ",-,"CC1, CC29",[CC1]: ผู้ถูกกล่าวหาในฐานะผู้ดำรงตำแหน่งทางการเมืองท้องถิ่น มีหน้าที่ตามกฎหมาย ป.ป.ช. ที่ต้องยื่นบัญชีแสดงรายการทรัพย์สินและหนี้สิน [CC29]: คำพิพากษานี้ตัดสินโดยศาลฎีกาแผนกคดีอาญาของผู้ดำรงตำแหน่งทางการเมือง เพื่อวินิจฉัยข้อกล่าวหาการยื่นบัญชีทรัพย์สินเท็จของผู้ดำรงตำแหน่งทางการเมือง,1.0,ศาลยกคำร้อง เนื่องจากกรณีพ้นจากตำแหน่งและเข้ารับตำแหน่งใหม่ขาดอายุความ 5 ปี และกรณีพ้นจากตำแหน่งมาแล้ว 1 ปี กฎหมายใหม่ (พ.ร.บ. ป.ป.ช. พ.ศ. 2561) ยกเลิกหน้าที่ยื่นบัญชีของตำแหน่งดังกล่าว ทำให้การกระทำไม่เป็นความผิดอีกต่อไป
32.0,100032.0,ระเบียบคณะกรรมการข้าราชการศาลยุติธรรม ว่าด้วยเงินเพิ่มสำหรับตำแหน่งที่มีเหตุพิเศษ ตำแหน่งด้านพัสดุ ตำแหน่งด้านการเงินและบัญชีและตำแหน่งด้านการตรวจสอบภายใน พ.ศ. ๒๕๖๓,https://ratchakitcha.soc.go.th/documents/17117490.pdf,บังคับใช้,3.0,กุมภาพันธ์,2563.0,4 กุมภาพันธ์ 2563,-,ระเบียบ,"พระราชบัญญัติระเบียบบริหารราชการศาลยุติธรรม พ.ศ. 2543 มาตรา 21 (6), พระราชบัญญัติระเบียบบริหารราชการศาลยุติธรรม พ.ศ. 2543 มาตรา 21 (9), พระราชบัญญัติระเบียบบริหารราชการศาลยุติธรรม พ.ศ. 2543 มาตรา 24",สำนักงานศาลยุติธรรม,-,-,-,กำหนดหลักเกณฑ์ คุณสมบัติ และอัตราการจ่ายเงินเพิ่มสำหรับข้าราชการศาลยุติธรรมที่ปฏิบัติงานด้านพัสดุ การเงินและบัญชี และการตรวจสอบภายใน โดยผู้มีสิทธิได้รับเงินเพิ่มจะต้องผ่านการอบรมตามหลักสูตรมาตรฐานวิชาชีพที่กำหนด,ข้าราชการศาลยุติธรรมที่ดำรงตำแหน่งในสายงานที่เกี่ยวข้องต้องเข้ารับการอบรมหลักสูตรมาตรฐานวิชาชีพตามที่เลขาธิการสำนักงานศาลยุติธรรมกำหนด หรือหลักสูตรเทียบเท่า เพื่อให้มีคุณสมบัติครบถ้วนในการรับเงินเพิ่มรายเดือนอย่างถูกต้องตามระเบียบ,🔵 ฟ้า,ระเบียบภาครัฐ,ไม่มี,ราชกิจจานุเบกษา เล่ม 137 ตอนที่ 9 ก หน้า 1,-,,ข้าราชการศาลยุติธรรมที่ปฏิบัติงานด้านพัสดุ การเงินและบัญชี และตรวจสอบภายใน,"จ่ายเงินเพิ่ม, กำหนดหลักเกณฑ์, อบรมวิชาชีพ","เงินเพิ่ม, สวัสดิการ, ค่าตอบแทน","ข้าราชการศาลยุติธรรม, ตำแหน่งที่มีเหตุพิเศษ, คณะกรรมการข้าราชการศาลยุติธรรม",-,CC4,"[CC4]: ระเบียบนี้บังคับใช้กับ ""ข้าราชการศาลยุติธรรม"" โดยตรง เพื่อกำหนดหลักเกณฑ์และอัตราการจ่ายเงินเพิ่มสำหรับตำแหน่งที่มีเหตุพิเศษ (ด้านพัสดุ, การเงินและบัญชี, ตรวจสอบภายใน) ภายใต้การกำกับดูแลของคณะกรรมการข้าราชการศาลยุติธรรม (ก.ศ.)",1.0,-
33.0,100033.0,ประกาศคณะกรรมการอัยการ เรื่อง การแบ่งหน่วยงาน และการกำหนดอำนาจและหน้าที่ของหน่วยงานภายในของสำนักงานอัยการสูงสุด (ฉบับที่ ๒๖) พ.ศ. ๒๕๖๓,https://ratchakitcha.soc.go.th/documents/17117491.pdf,บังคับใช้,3.0,กุมภาพันธ์,2563.0,4 กุมภาพันธ์ 2563,-,ประกาศ,พระราชบัญญัติองค์กรอัยการและพนักงานอัยการ พ.ศ. 2553 มาตรา 7,สำนักงานอัยการสูงสุด,-,-,-,แก้ไขเพิ่มเติมการแบ่งหน่วยงานและกำหนดอำนาจหน้าที่ของหน่วยงานภายในของสำนักงานอัยการสูงสุด เพื่อรองรับงานศูนย์กลางระบบฐานข้อมูลลูกหนี้ตามคำพิพากษาของหน่วยงานรัฐ งานสำรวจและตรวจสอบข้อมูลทรัพย์สิน รวมถึงการดำเนินการบังคับคดีแพ่ง คดีปกครอง และคดีอาญา (เฉพาะการยึดทรัพย์สินใช้ค่าปรับ),พนักงานอัยการและเจ้าหน้าที่สำนักงานอัยการสูงสุดในส่วนงานที่เกี่ยวข้อง ต้องรับทราบและปฏิบัติหน้าที่ตามขอบเขตความรับผิดชอบใหม่ โดยเฉพาะการบูรณาการระบบฐานข้อมูลและการบังคับคดีตามคำพิพากษาให้เป็นไปตามประกาศฉบับนี้,🔵 ฟ้า,ระเบียบภาครัฐ,ไม่มี,ราชกิจจานุเบกษา เล่ม 137 ตอนที่ 9 ก หน้า 5,-,,"หน่วยงานภายในของสำนักงานอัยการสูงสุด, พนักงานอัยการ","แบ่งหน่วยงาน, กำหนดอำนาจและหน้าที่, บังคับคดี, ยึดทรัพย์สิน, ดำเนินคดี","สำนักงานอัยการสูงสุด, หน่วยงานภายใน","คณะกรรมการอัยการ, สำนักงานอัยการสูงสุด, พนักงานอัยการ, การบังคับคดีแพ่ง, คดีปกครอง, คดีอาญา",-,"CC3, CA6","[CC3]: ประกาศนี้แก้ไขการแบ่งหน่วยงานและกำหนดอำนาจหน้าที่ภายใน ""สำนักงานอัยการสูงสุด"" และ ""พนักงานอัยการ"" โดยตรง [CA6]: มีการระบุอำนาจหน้าที่เกี่ยวกับการเป็นศูนย์กลางระบบฐานข้อมูลลูกหนี้ และการบังคับคดีแพ่ง คดีปกครอง คดีอาญา (การยึดทรัพย์สิน) จึงเกี่ยวข้องกับ ""การบังคับคดีและขายทอดตลาด""",1.0,ยกเลิกความใน (ก) และ (ข) ของ (19) วรรคหนึ่ง ของข้อ 7 แห่งประกาศฯ พ.ศ. 2554 และยกเลิกความใน (ง) และ (จ) ของ (46) วรรคหนึ่ง ของข้อ 7 แห่งประกาศฯ พ.ศ. 2554 (แก้ไขเพิ่มเติมฉบับที่ 10 พ.ศ. 2556)
34.0,100034.0,"คำพิพากษาของศาลฎีกาแผนกคดีอาญาของผู้ดำรงตำแหน่งทางการเมือง เรื่อง ความผิดต่อตำแหน่งหน้าที่ราชการ ความผิดต่อพระราชบัญญัติว่าด้วยความผิดเกี่ยวกับการเสนอราคาต่อหน่วยงานของรัฐ ความผิดต่อพระราชบัญญัติประกอบรัฐธรรมนูญว่าด้วยการป้องกันและปราบปรามการทุจริต [คดีหมายเลขดำที่ อม. ๒๕/๒๕๕๘, อม.๑/๒๕๕๙ คดีหมายเลขแดงที่ อม. ๑๗๘/๒๕๖๐, อม. ๑๗๙/๒๕๖๐",https://ratchakitcha.soc.go.th/documents/17117492.pdf,บังคับใช้,3.0,กุมภาพันธ์,2563.0,3 กุมภาพันธ์ 2563,-,คำพิพากษาของศาลฎีกาแผนกคดีอาญา,,ศาลฎีกาแผนกคดีอาญาของผู้ดำรงตำแหน่งทางการเมือง,-,-,-,"ศาลฎีกาแผนกคดีอาญาของผู้ดำรงตำแหน่งทางการเมืองพิพากษาคดีทุจริตโครงการระบายข้าวแบบรัฐต่อรัฐ (G to G) โดยลงโทษจำคุกจำเลยที่ 3 (อดีตเลขานุการรัฐมนตรีฯ) เป็นเวลา 50 ปี และจำเลยที่ 16 เป็นเวลา 32 ปี พร้อมให้จำเลยที่ 16 ร่วมชดใช้ค่าเสียหายทางแพ่งกว่า 16,912 ล้านบาทแก่กระทรวงการคลัง เนื่องจากร่วมกันทุจริตนำข้าวของรัฐออกขายให้แก่เอกชนในประเทศ",ผู้ดำรงตำแหน่งทางการเมืองและเจ้าหน้าที่รัฐต้องปฏิบัติหน้าที่ด้วยความสุจริต โปร่งใส สำหรับภาคเอกชนและผู้ประกอบการค้าข้าวต้องดำเนินการทางการค้าอย่างถูกต้องตามกฎหมาย และห้ามมิให้สนับสนุนหรือเข้าไปมีส่วนร่วมในกระบวนการทุจริตหรือการฮั้วประมูลของหน่วยงานรัฐ เพื่อหลีกเลี่ยงโทษทางอาญาที่รุนแรงและความรับผิดทางแพ่งมูลค่ามหาศาล,⚪️ เทา,-,ไม่มี,ราชกิจจานุเบกษา เล่ม 137 ตอนที่ 9 ก หน้า 7,-,,ผู้ดำรงตำแหน่งทางการเมือง เจ้าหน้าที่ของรัฐ นิติบุคคลและบุคคลธรรมดาที่ทำสัญญากับหน่วยงานของรัฐ,"กระทำความผิดต่อตำแหน่งหน้าที่ราชการ, ทุจริตโครงการรับจำนำข้าว, ทำสัญญาซื้อขายข้าวแบบรัฐต่อรัฐ, เสนอราคาต่อหน่วยงานของรัฐ, ชดใช้ค่าสินไหมทดแทน","ข้าว, ข้าวเปลือก, ข้าวสาร","ศาลฎีกาแผนกคดีอาญาของผู้ดำรงตำแหน่งทางการเมือง, ทุจริต, ป.ป.ช., ความผิดเกี่ยวกับการเสนอราคาต่อหน่วยงานของรัฐ, ละเมิด","AA4, CC29","BY1, CA1, CC1",[AA4]: บริษัทผู้ประกอบการค้าข้าวและส่งออกข้าว ถูกศาลพิพากษาลงโทษและปรับเงินจำนวนมากในฐานะผู้สนับสนุนการทุจริตและรับประโยชน์จากโครงการขายข้าวของรัฐ [CC29]: เอกสารนี้คือคำพิพากษาของศาลฎีกาแผนกคดีอาญาของผู้ดำรงตำแหน่งทางการเมืองโดยตรง ซึ่งพิจารณาคดีทุจริตของรัฐมนตรีและข้าราชการระดับสูง [BY1]: มีการลงโทษจำเลยตาม พ.ร.บ.ว่าด้วยความผิดเกี่ยวกับการเสนอราคาต่อหน่วยงานของรัฐ (การฮั้วประมูล/หลีกเลี่ยงการแข่งขันราคา) ซึ่งเป็นกฎหมายหลักในการจัดซื้อจัดจ้างและการทำสัญญากับภาครัฐ [CA1]: ศาลอ้างอิงประมวลกฎหมายแพ่งและพาณิชย์ มาตรา 206 สั่งให้จำเลยร่วมกันชดใช้ค่าสินไหมทดแทนในมูลละเมิดพร้อมดอกเบี้ยร้อยละ 7.5 ต่อปี [CC1]: การกระทำของจำเลยมีความผิดตาม พ.ร.บ.ประกอบรัฐธรรมนูญว่าด้วยการป้องกันและปราบปรามการทุจริต (กฎหมาย ป.ป.ช.),1.0,คดีประวัติศาสตร์เกี่ยวกับการทุจริตโครงการระบายข้าว (โครงการจำนำข้าว) แบบรัฐต่อรัฐ (G to G) อ้างอิงคดีหมายเลขแดงที่ อม. 178/2560 และ อม. 179/2560
35.0,100035.0,ระเบียบคณะกรรมการกองทุนหมู่บ้านและชุมชนเมืองแห่งชาติ ว่าด้วยการบริหารโครงการเสริมสร้างความเข้มแข็งของเศรษฐกิจฐานรากเพื่อการพัฒนาอย่างยั่งยืน พ.ศ. ๒๕๖๓,https://ratchakitcha.soc.go.th/documents/17117493.pdf,บังคับใช้,3.0,กุมภาพันธ์,2563.0,4 กุมภาพันธ์ 2563,-,ระเบียบ,"พระราชบัญญัติกองทุนหมู่บ้านและชุมชนเมืองแห่งชาติ พ.ศ. 2547 มาตรา 5 (5), พระราชบัญญัติกองทุนหมู่บ้านและชุมชนเมืองแห่งชาติ พ.ศ. 2547 มาตรา 19 (16)",สำนักงานกองทุนหมู่บ้านและชุมชนเมืองแห่งชาติ (สทบ.),-,-,-,กำหนดกรอบวัตถุประสงค์ ขั้นตอนการขอรับงบประมาณ การบริหารจัดการโครงการ การตรวจสอบ และการรายงานผล เพื่อสนับสนุนการลงทุนด้านโครงสร้างพื้นฐาน การสร้างงาน สร้างอาชีพ และต่อยอดกองทุนหมู่บ้านและชุมชนเมืองอย่างยั่งยืน,คณะกรรมการกองทุนหมู่บ้านต้องจัดประชุมสมาชิกตามองค์ประชุมที่กำหนดเพื่อพิจารณาคัดเลือกโครงการ เปิดหรือใช้บัญชีโครงการที่กำหนด และต้องบริหารงบประมาณด้วยความโปร่งใส ห้ามนำไปให้สมาชิกกู้ยืมหรือใช้เพื่อประโยชน์ส่วนตัว พร้อมทั้งจัดทำบัญชีรับ-จ่ายและรายงานผลตามระเบียบอย่างเคร่งครัด,🟠 ส้ม,โทษทางแพ่ง,ไม่มี,ราชกิจจานุเบกษา เล่ม 137 ตอนพิเศษ 27 ง,คู่มือ แนวทาง วิธีการดำเนินงานตามโครงการของสำนักงานกองทุนหมู่บ้านและชุมชนเมืองแห่งชาติ,,"กองทุนหมู่บ้านและชุมชนเมือง, คณะกรรมการกองทุนหมู่บ้าน","บริหารโครงการ, จัดสรรงบประมาณ, จัดซื้อจัดจ้าง, จัดทำบัญชี, ตรวจสอบ, ติดตามประเมินผล","กองทุนหมู่บ้าน, ชุมชนเมือง, งบประมาณ, โครงการพัฒนา, เศรษฐกิจฐานราก","กองทุนหมู่บ้านและชุมชนเมืองแห่งชาติ, เศรษฐกิจฐานราก, ศาสตร์พระราชา, ประชารัฐ, การพัฒนาอย่างยั่งยืน","CB11, CC28",BY1,"[CB11]: ระเบียบข้อ 11 อนุญาตให้กองทุนหมู่บ้านนำงบประมาณที่ได้รับการจัดสรรไปต่อยอดและร่วมดำเนินงานกับองค์กรวิสาหกิจชุมชนได้ [CC28]: ระเบียบนี้บังคับใช้โดยตรงกับ ""สำนักงานกองทุนหมู่บ้านและชุมชนเมืองแห่งชาติ"" ซึ่งมีสถานะเป็นองค์การมหาชน ให้ดำเนินการจัดสรรเงินงบประมาณและกำกับดูแลกองทุนหมู่บ้านและชุมชนเมือง [BY1]: ระเบียบข้อ 20 และ 22 กำหนดให้คณะกรรมการกองทุนหมู่บ้านต้องรับผิดชอบกระบวนการ ""การจัดซื้อจัดจ้าง"" และต้องออกระเบียบข้อบังคับเกี่ยวกับการจัดซื้อจัดจ้างของกองทุนหมู่บ้านมารองรับการใช้จ่ายเงินงบประมาณโครงการ",1.0,ยกเลิกระเบียบคณะกรรมการกองทุนหมู่บ้านและชุมชนเมืองแห่งชาติ ว่าด้วยการบริหารโครงการพัฒนาหมู่บ้านและชุมชนอย่างยั่งยืน โดยศาสตร์พระราชาตามแนวทางประชารัฐ พ.ศ. 2561 (ตามข้อ 3)
36.0,100036.0,ระเบียบสำนักงานตำรวจแห่งชาติ ว่าด้วยการแจ้งการเปลี่ยนที่พักอาศัย การย้ายที่พักอาศัย การเดินทางไปอยู่ต่างจังหวัดเกินยี่สิบสี่ชั่วโมง และการอยู่ในราชอาณาจักรเกินเก้าสิบวันของคนต่างด้าวซึ่งได้รับอนุญาตให้อยู่ในราชอาณาจักรเป็นการชั่วคราว,https://ratchakitcha.soc.go.th/documents/17117451.pdf,สิ้นผล,31.0,มกราคม,2563.0,28 มกราคม 2563,-,ระเบียบ,พระราชบัญญัติคนเข้าเมือง พ.ศ. 2522 มาตรา 37,"สำนักงานตำรวจแห่งชาติ (และส่วนบังคับบัญชา / สำนักงานยุทธศาสตร์ตำรวจ), สำนักงานตรวจคนเข้าเมือง (สตม.)",-,-,-,ปรับปรุงหลักเกณฑ์และเงื่อนไขให้คนต่างด้าวที่ได้รับอนุญาตให้อยู่ในราชอาณาจักรเป็นการชั่วคราว ต้องแจ้งการเปลี่ยนที่พัก การเดินทางไปต่างจังหวัดเกิน 24 ชั่วโมง และการอยู่ในไทยเกิน 90 วัน เพื่อให้สอดคล้องกับการเป็นรัฐบาลดิจิทัลและรักษาความมั่นคง (ยกเว้นคนต่างด้าวบางประเภท เช่น นักการทูต นักท่องเที่ยว หรือผู้ลงทุน),คนต่างด้าวที่ไม่ได้เข้าข้อยกเว้นตามที่ระบุในระเบียบ ต้องแจ้งการเปลี่ยนหรือย้ายที่พักอาศัยภายใน 24 ชั่วโมง แจ้งการอยู่ต่างจังหวัดเกิน 24 ชั่วโมงให้แจ้งภายใน 48 ชั่วโมงเมื่อไปถึง และแจ้งพำนักเกิน 90 วัน โดยสามารถแจ้งด้วยตนเอง มอบหมายผู้อื่น หรือส่งทางไปรษณีย์ต่อพนักงานเจ้าหน้าที่ตรวจคนเข้าเมืองหรือตำรวจท้องที่,โทษเชื่อมโยงจากกฎหมายแม่,รอเชื่อมโยง: พ.ร.บ. คนเข้าเมือง พ.ศ. 2522 มาตรา 37,"แบบการแจ้งไม่เข้าพักอาศัยตามที่ระบุไว้ในบัตรขาเข้าของบุคคลต่างด้าว (ตม.27), แบบการแจ้งอยู่เกินกว่า 90 วัน ของบุคคลต่างด้าว (ตม.47)",ราชกิจจานุเบกษา เล่ม 137 ตอนพิเศษ 26 ง หน้า 1,คู่มือการแจ้งที่พักอาศัยของคนต่างด้าว สำนักงานตรวจคนเข้าเมือง,,คนต่างด้าวที่ได้รับอนุญาตให้อยู่ในราชอาณาจักรเป็นการชั่วคราว,"แจ้งเปลี่ยนที่พักอาศัย, ย้ายที่พักอาศัย, เดินทางไปต่างจังหวัด, แจ้งอยู่ในราชอาณาจักรเกิน 90 วัน",คนต่างด้าว,"พระราชบัญญัติคนเข้าเมือง, ตรวจคนเข้าเมือง, ตม.27, ตม.47",-,BV2,"[BV2]: ระเบียบนี้ออกตามความในมาตรา 37 แห่ง พ.ร.บ.คนเข้าเมือง กำหนดหน้าที่และแบบฟอร์มการแจ้งเปลี่ยนที่พักอาศัยและการรายงานตัวทุก 90 วัน (ตม.27, ตม.47) สำหรับคนต่างด้าวโดยตรง รวมถึงข้อยกเว้นการแจ้งย้ายที่พักอาศัยสำหรับคนต่างด้าวบางกลุ่ม (ข้อ 6) ซึ่งหน่วยงาน ฝ่ายทรัพยากรบุคคล (HR) และผู้ให้บริการด้านวีซ่า ต้องใช้เป็นหลักเกณฑ์ในการกำกับดูแลและอำนวยความสะดวกแก่ชาวต่างชาติในองค์กร",1.0,ยกเลิกระเบียบกรมตำรวจ ว่าด้วยการแจ้งการเปลี่ยนที่พักอาศัยฯ พ.ศ. 2522 (ตามข้อ 1)
37.0,100037.0,ระเบียบสภาผู้แทนราษฎร ว่าด้วยหลักเกณฑ์ วิธีการในการแต่งตั้งและสิทธิประโยชน์ของคณะกรรมการประสานงานพรรคการเมืองฝ่ายค้านในสภาผู้แทนราษฎร พ.ศ. ๒๕๖๓,https://ratchakitcha.soc.go.th/documents/17117428.pdf,บังคับใช้,31.0,มกราคม,2563.0,1 กุมภาพันธ์ 2563,-,ระเบียบ,"ข้อบังคับการประชุมสภาผู้แทนราษฎร พ.ศ. 2562 ข้อ 4, ข้อบังคับการประชุมสภาผู้แทนราษฎร พ.ศ. 2562 ข้อ 15 วรรคสอง",สำนักงานเลขาธิการสภาผู้แทนราษฎร,-,-,-,กำหนดหลักเกณฑ์ วิธีการแต่งตั้ง หน้าที่และอำนาจ ตลอดจนสิทธิประโยชน์ในการรับเบี้ยประชุมของคณะกรรมการประสานงานพรรคการเมืองฝ่ายค้านในสภาผู้แทนราษฎร โดยให้มีกรรมการจากพรรคการเมืองฝ่ายค้านจำนวนไม่เกิน 24 คน,พรรคการเมืองฝ่ายค้านในสภาผู้แทนราษฎรต้องประสานงานและเสนอรายชื่อสมาชิกสภาผู้แทนราษฎรในสังกัด เพื่อให้ประธานสภาผู้แทนราษฎรแต่งตั้งเป็นคณะกรรมการประสานงานฯ และผู้ได้รับการแต่งตั้งมีสิทธิเบิกจ่ายเบี้ยประชุมตามระเบียบที่กำหนด,⚪️ เทา,-,ไม่มี,ราชกิจจานุเบกษา เล่ม 137 ตอนพิเศษ 25 ง หน้า 1,-,,"ผู้นำฝ่ายค้านในสภาผู้แทนราษฎร, สมาชิกสภาผู้แทนราษฎรฝ่ายค้าน, ประธานสภาผู้แทนราษฎร","แต่งตั้งคณะกรรมการ, กำหนดสิทธิประโยชน์, ประสานงานพรรคการเมืองฝ่ายค้าน, จ่ายเบี้ยประชุม","คณะกรรมการประสานงานพรรคการเมืองฝ่ายค้าน, สภาผู้แทนราษฎร, พรรคการเมือง","ระเบียบสภาผู้แทนราษฎร, ผู้นำฝ่ายค้าน, เบี้ยประชุม, ข้อบังคับการประชุมสภาผู้แทนราษฎร",-,"CB5, CC10","[CB5]: ระเบียบนี้มีผลเกี่ยวข้องกับ ""พรรคการเมือง"" ฝ่ายค้าน ในการส่งตัวแทนสมาชิกสภาผู้แทนราษฎรในสังกัดเข้าร่วมเป็นคณะกรรมการประสานงาน [CC10]: บังคับใช้โดยตรงกับ ""รัฐสภา"" (สภาผู้แทนราษฎรและสมาชิกสภาผู้แทนราษฎร) ในการแต่งตั้ง กำหนดหน้าที่ และจ่ายเบี้ยประชุมให้แก่คณะกรรมการประสานงานพรรคการเมืองฝ่ายค้านในสภาผู้แทนราษฎร",1.0,-
38.0,100038.0,ระเบียบสภาผู้แทนราษฎร ว่าด้วยหลักเกณฑ์ วิธีการในการแต่งตั้งและสิทธิประโยชน์ของคณะกรรมการประสานงานร่วมสภาผู้แทนราษฎร พ.ศ. ๒๕๖๓,https://ratchakitcha.soc.go.th/documents/17117429.pdf,บังคับใช้,31.0,มกราคม,2563.0,1 กุมภาพันธ์ 2563,-,ระเบียบ,"ข้อบังคับการประชุมสภาผู้แทนราษฎร พ.ศ. 2562 ข้อ 4, ข้อบังคับการประชุมสภาผู้แทนราษฎร พ.ศ. 2562 ข้อ 12 วรรคสอง",สำนักงานเลขาธิการสภาผู้แทนราษฎร,-,-,-,กำหนดหลักเกณฑ์ วิธีการในการแต่งตั้ง หน้าที่ อำนาจ และสิทธิประโยชน์ของคณะกรรมการประสานงานร่วมสภาผู้แทนราษฎร โดยประกอบด้วยตัวแทนสมาชิกสภาผู้แทนราษฎรจากพรรคการเมืองฝ่ายรัฐบาลจำนวน 5 คน และจากพรรคการเมืองฝ่ายค้านจำนวน 5 คน,คณะกรรมการประสานงานพรรคการเมืองฝ่ายรัฐบาลและคณะกรรมการประสานงานพรรคการเมืองฝ่ายค้าน มีหน้าที่เสนอรายชื่อสมาชิกสภาผู้แทนราษฎรฝ่ายละ 5 คนให้ประธานสภาผู้แทนราษฎรแต่งตั้งเป็นกรรมการประสานงานร่วมฯ โดยผู้ได้รับแต่งตั้งมีสิทธิได้รับเบี้ยประชุมตามระเบียบรัฐสภา,⚪️ เทา,-,ไม่มี,ราชกิจจานุเบกษา เล่ม 137 ตอนพิเศษ 25 ง หน้า 3,-,,"คณะกรรมการประสานงานร่วมสภาผู้แทนราษฎร, ประธานสภาผู้แทนราษฎร, สมาชิกสภาผู้แทนราษฎร","แต่งตั้งคณะกรรมการ, กำหนดสิทธิประโยชน์, ประสานงานร่วมสภาผู้แทนราษฎร, จ่ายเบี้ยประชุม","คณะกรรมการประสานงานร่วมสภาผู้แทนราษฎร, สภาผู้แทนราษฎร, พรรคการเมือง","ระเบียบสภาผู้แทนราษฎร, คณะกรรมการประสานงานร่วมสภาผู้แทนราษฎร, ข้อบังคับการประชุมสภาผู้แทนราษฎร, เบี้ยประชุม",-,"CB5, CC10","[CB5]: ระเบียบนี้มีผลเกี่ยวข้องกับ ""พรรคการเมือง"" ทั้งฝ่ายรัฐบาลและฝ่ายค้าน ในการเสนอมติเพื่อส่งตัวแทนเข้าร่วมเป็นคณะกรรมการประสานงานร่วมสภาผู้แทนราษฎร [CC10]: บังคับใช้โดยตรงกับ ""รัฐสภา"" (สภาผู้แทนราษฎรและสมาชิกสภาผู้แทนราษฎร) ในเรื่องหลักเกณฑ์การแต่งตั้ง หน้าที่ และการจ่ายเบี้ยประชุมของคณะกรรมการประสานงานร่วมสภาผู้แทนราษฎร",,
39.0,100039.0,ระเบียบคณะกรรมการการเลือกตั้ง ว่าด้วยการเลือกตั้งสมาชิกสภาท้องถิ่นหรือผู้บริหารท้องถิ่น (ฉบับที่ ๒) พ.ศ. ๒๕๖๓,https://ratchakitcha.soc.go.th/documents/17117425.pdf,บังคับใช้,30.0,มกราคม,2563.0,31 มกราคม 2563,-,ระเบียบ,"พระราชบัญญัติประกอบรัฐธรรมนูญว่าด้วยคณะกรรมการการเลือกตั้ง พ.ศ. 2560 มาตรา 22, พระราชบัญญัติการเลือกตั้งสมาชิกสภาท้องถิ่นหรือผู้บริหารท้องถิ่น พ.ศ. 2562 มาตรา 9, พระราชบัญญัติการเลือกตั้งสมาชิกสภาท้องถิ่นหรือผู้บริหารท้องถิ่น พ.ศ. 2562 มาตรา 19, พระราชบัญญัติการเลือกตั้งสมาชิกสภาท้องถิ่นหรือผู้บริหารท้องถิ่น พ.ศ. 2562 มาตรา 20, พระราชบัญญัติการเลือกตั้งสมาชิกสภาท้องถิ่นหรือผู้บริหารท้องถิ่น พ.ศ. 2562 มาตรา 21",สำนักงานคณะกรรมการการเลือกตั้ง (กกต.),-,-,-,แก้ไขเพิ่มเติมระเบียบคณะกรรมการการเลือกตั้งฯ พ.ศ. 2562 โดยปรับปรุงหลักเกณฑ์การแบ่งเขตเลือกตั้งให้มีจำนวนราษฎรใกล้เคียงกัน (ผลต่างไม่ควรเกินร้อยละ 10 เว้นแต่มีข้อจำกัดทางภูมิประเทศ) และกำหนดองค์ประกอบของคณะกรรมการแบ่งเขตเลือกตั้งสำหรับการเลือกตั้งครั้งแรกให้ครอบคลุมตัวแทนจากองค์กรปกครองส่วนท้องถิ่นประเภทต่าง ๆ,เจ้าหน้าที่และตัวแทนองค์กรปกครองส่วนท้องถิ่นที่ได้รับมอบหมาย ต้องเข้าร่วมประชุมชี้แจงและให้ข้อเสนอแนะประกอบการพิจารณาแบ่งเขตเลือกตั้งตามที่ผู้อำนวยการการเลือกตั้งประจำจังหวัดแจ้ง เพื่อให้การแบ่งเขตเป็นไปตามหลักเกณฑ์สัดส่วนราษฎรที่ปรับปรุงใหม่,⚪️ เทา,-,ไม่มี,ราชกิจจานุเบกษา เล่ม 137 ตอนที่ 9 ก หน้า 17,-,,"คณะกรรมการการเลือกตั้ง, องค์กรปกครองส่วนท้องถิ่น, ผู้อำนวยการการเลือกตั้งประจำจังหวัด","แบ่งเขตเลือกตั้ง, เลือกตั้งสมาชิกสภาท้องถิ่น, เลือกตั้งผู้บริหารท้องถิ่น","การเลือกตั้งท้องถิ่น, เขตเลือกตั้ง","คณะกรรมการการเลือกตั้ง, การแบ่งเขตเลือกตั้ง, สมาชิกสภาท้องถิ่น, ผู้บริหารท้องถิ่น, องค์กรปกครองส่วนท้องถิ่น",-,CC5,[CC5]: เอกสารฉบับนี้คือระเบียบของคณะกรรมการการเลือกตั้ง (กกต.) ที่กำหนดหลักเกณฑ์และวิธีการแบ่งเขตเลือกตั้งสมาชิกสภาท้องถิ่นหรือผู้บริหารท้องถิ่น (เช่น องค์การบริหารส่วนจังหวัด เทศบาล) ซึ่งบังคับใช้โดยตรงกับผู้สมัครรับเลือกตั้ง พรรคการเมือง และเจ้าหน้าที่ที่เกี่ยวข้องกับการจัดการเลือกตั้ง,1.0,ยกเลิกความในข้อ 13 วรรคสอง (ค) และเพิ่มข้อ 232 ของระเบียบคณะกรรมการการเลือกตั้งว่าด้วยการเลือกตั้งสมาชิกสภาท้องถิ่นหรือผู้บริหารท้องถิ่น พ.ศ. 2562
40.0,100040.0,ระเบียบคณะกรรมการการเลือกตั้ง ว่าด้วยการจัดยานพาหนะโดยหน่วยงานของรัฐเพื่ออำนวยความสะดวกแก่ผู้มีสิทธิเลือกตั้งสมาชิกสภาท้องถิ่นหรือผู้บริหารท้องถิ่น พ.ศ. ๒๕๖๓,https://ratchakitcha.soc.go.th/documents/17117426.pdf,บังคับใช้,30.0,มกราคม,2563.0,31 มกราคม 2563,-,ระเบียบ,"พระราชบัญญัติประกอบรัฐธรรมนูญว่าด้วยคณะกรรมการการเลือกตั้ง พ.ศ. 2560 มาตรา 5, พระราชบัญญัติประกอบรัฐธรรมนูญว่าด้วยคณะกรรมการการเลือกตั้ง พ.ศ. 2560 มาตรา 22, พระราชบัญญัติการเลือกตั้งสมาชิกสภาท้องถิ่นหรือผู้บริหารท้องถิ่น พ.ศ. 2562 มาตรา 9, พระราชบัญญัติการเลือกตั้งสมาชิกสภาท้องถิ่นหรือผู้บริหารท้องถิ่น พ.ศ. 2562 มาตรา 67 วรรคสาม",สำนักงานคณะกรรมการการเลือกตั้ง (กกต.),-,-,-,ระเบียบกำหนดหลักเกณฑ์ให้หน่วยงานของรัฐที่ต้องการจัดยานพาหนะอำนวยความสะดวกแก่ผู้มีสิทธิเลือกตั้งท้องถิ่น ต้องแจ้งให้ผู้อำนวยการการเลือกตั้งประจำจังหวัดทราบล่วงหน้าและติดป้ายประกาศที่ยานพาหนะให้ชัดเจน โดยห้ามองค์กรปกครองส่วนท้องถิ่นที่มีการเลือกตั้งจัดยานพาหนะ และห้ามกระทำการใดๆ เพื่อจูงใจในการลงคะแนน,หน่วยงานของรัฐที่ประสงค์จะจัดยานพาหนะรับส่งผู้มีสิทธิเลือกตั้งต้องแจ้งผู้อำนวยการการเลือกตั้งประจำจังหวัดก่อนดำเนินการ และติดป้ายระบุชื่อหน่วยงานให้ชัดเจนที่ยานพาหนะ ทั้งนี้ องค์กรปกครองส่วนท้องถิ่นที่มีการเลือกตั้งห้ามจัดยานพาหนะเด็ดขาด และห้ามใช้ยานพาหนะเพื่อจูงใจหรือควบคุมการตัดสินใจของผู้มีสิทธิเลือกตั้ง,⚪️ เทา,-,ไม่มี,ราชกิจจานุเบกษา เล่ม 137 ตอนที่ 9 ก หน้า 19,-,,"หน่วยงานของรัฐ, องค์กรปกครองส่วนท้องถิ่น, ผู้มีสิทธิเลือกตั้ง","จัดยานพาหนะ, อำนวยความสะดวก, แจ้งผู้อำนวยการการเลือกตั้ง, ปิดประกาศ","ยานพาหนะ, การเลือกตั้งท้องถิ่น","คณะกรรมการการเลือกตั้ง, หน่วยงานของรัฐ, องค์กรปกครองส่วนท้องถิ่น, ผู้มีสิทธิเลือกตั้ง",-,CC5,[CC5]: เอกสารนี้เป็นระเบียบที่ออกโดยคณะกรรมการการเลือกตั้ง (กกต.) เพื่อบังคับใช้กับหน่วยงานของรัฐในการกำหนดหลักเกณฑ์ ข้อปฏิบัติ และข้อห้ามเกี่ยวกับการจัดยานพาหนะเพื่ออำนวยความสะดวกแก่ผู้มีสิทธิเลือกตั้งสมาชิกสภาท้องถิ่นหรือผู้บริหารท้องถิ่น,1.0,ห้ามมิให้องค์กรปกครองส่วนท้องถิ่นที่มีการเลือกตั้งจัดยานพาหนะเพื่ออำนวยความสะดวกแก่ผู้มีสิทธิเลือกตั้งในเขตของตนเด็ดขาด (ตามข้อ 4 วรรคสอง)
